symbol,trade_day,close,bar_vwap,volume,con_id,source
APA,2026-06-22,34.2,33.816,3939253.0,474515500,TWS historical TRADES / 1 day / RTH
APA,2026-06-23,34.22,34.102,2833067.0,474515500,TWS historical TRADES / 1 day / RTH
APA,2026-06-25,33.42,33.331,3082494.0,474515500,TWS historical TRADES / 1 day / RTH
APA,2026-06-29,32.96,33.121,2636979.0,474515500,TWS historical TRADES / 1 day / RTH
APA,2026-06-30,32.57,32.746,2816556.0,474515500,TWS historical TRADES / 1 day / RTH
AR,2026-06-22,34.03,33.57594,3473415.0,135942630,TWS historical TRADES / 1 day / RTH
AR,2026-06-23,34.53,34.2423,3683762.0,135942630,TWS historical TRADES / 1 day / RTH
AR,2026-06-25,34.5,34.56091,3863688.0,135942630,TWS historical TRADES / 1 day / RTH
AR,2026-06-29,34.44,34.58454,2069774.0,135942630,TWS historical TRADES / 1 day / RTH
AR,2026-06-30,35.14,35.31265,2338990.0,135942630,TWS historical TRADES / 1 day / RTH
BKV,2026-06-22,25.69,25.365,762447.0,731109568,TWS historical TRADES / 1 day / RTH
BKV,2026-06-23,25.49,25.441,325934.0,731109568,TWS historical TRADES / 1 day / RTH
BKV,2026-06-25,25.87,25.957,372958.0,731109568,TWS historical TRADES / 1 day / RTH
BKV,2026-06-29,26.0,26.121,531028.0,731109568,TWS historical TRADES / 1 day / RTH
BKV,2026-06-30,27.36,27.023,658569.0,731109568,TWS historical TRADES / 1 day / RTH
CHRD,2026-06-22,124.45,123.627,468018.0,456517746,TWS historical TRADES / 1 day / RTH
CHRD,2026-06-23,124.44,124.589,348355.0,456517746,TWS historical TRADES / 1 day / RTH
CHRD,2026-06-25,119.48,119.444,352782.0,456517746,TWS historical TRADES / 1 day / RTH
CHRD,2026-06-29,115.97,116.712,563331.0,456517746,TWS historical TRADES / 1 day / RTH
CHRD,2026-06-30,114.3,115.422,389246.0,456517746,TWS historical TRADES / 1 day / RTH
CLMT,2026-06-22,33.25,32.897,231389.0,715002751,TWS historical TRADES / 1 day / RTH
CLMT,2026-06-23,32.83,32.695,351260.0,715002751,TWS historical TRADES / 1 day / RTH
CLMT,2026-06-25,34.27,33.685,248324.0,715002751,TWS historical TRADES / 1 day / RTH
CLMT,2026-06-29,35.83,36.048,433610.0,715002751,TWS historical TRADES / 1 day / RTH
CLMT,2026-06-30,36.02,35.892,271421.0,715002751,TWS historical TRADES / 1 day / RTH
CLNE,2026-06-22,1.79,1.80914,1114015.0,44465608,TWS historical TRADES / 1 day / RTH
CLNE,2026-06-23,1.73,1.75482,1072543.0,44465608,TWS historical TRADES / 1 day / RTH
CLNE,2026-06-25,1.79,1.76853,1501432.0,44465608,TWS historical TRADES / 1 day / RTH
CLNE,2026-06-29,1.9,1.91638,1286392.0,44465608,TWS historical TRADES / 1 day / RTH
CLNE,2026-06-30,2.05,2.02843,2379919.0,44465608,TWS historical TRADES / 1 day / RTH
CNX,2026-06-22,33.2,32.882,795306.0,295296295,TWS historical TRADES / 1 day / RTH
CNX,2026-06-23,33.5,33.327,816616.0,295296295,TWS historical TRADES / 1 day / RTH
CNX,2026-06-25,33.61,33.565,874362.0,295296295,TWS historical TRADES / 1 day / RTH
CNX,2026-06-29,33.29,33.235,1594409.0,295296295,TWS historical TRADES / 1 day / RTH
CNX,2026-06-30,33.93,34.036,1104792.0,295296295,TWS historical TRADES / 1 day / RTH
COP,2026-06-22,109.7,109.273,3494959.0,10885,TWS historical TRADES / 1 day / RTH
COP,2026-06-23,109.97,110.019,4032199.0,10885,TWS historical TRADES / 1 day / RTH
COP,2026-06-25,106.41,106.483,4178381.0,10885,TWS historical TRADES / 1 day / RTH
COP,2026-06-29,104.2,104.981,3092982.0,10885,TWS historical TRADES / 1 day / RTH
COP,2026-06-30,103.96,104.185,2917174.0,10885,TWS historical TRADES / 1 day / RTH
CRC,2026-06-22,54.81,54.728,340800.0,452226249,TWS historical TRADES / 1 day / RTH
CRC,2026-06-23,52.9,53.246,345373.0,452226249,TWS historical TRADES / 1 day / RTH
CRC,2026-06-25,53.78,53.773,296677.0,452226249,TWS historical TRADES / 1 day / RTH
CRC,2026-06-29,52.6,52.904,315430.0,452226249,TWS historical TRADES / 1 day / RTH
CRC,2026-06-30,52.87,53.13,458452.0,452226249,TWS historical TRADES / 1 day / RTH
CRGY,2026-06-22,10.52,10.424,3169479.0,530965685,TWS historical TRADES / 1 day / RTH
CRGY,2026-06-23,10.52,10.533,3120053.0,530965685,TWS historical TRADES / 1 day / RTH
CRGY,2026-06-25,10.1,10.131,3051862.0,530965685,TWS historical TRADES / 1 day / RTH
CRGY,2026-06-29,10.0,10.047,3981859.0,530965685,TWS historical TRADES / 1 day / RTH
CRGY,2026-06-30,9.82,9.924,3264413.0,530965685,TWS historical TRADES / 1 day / RTH
CRK,2026-06-22,13.45,13.288,1754946.0,241891174,TWS historical TRADES / 1 day / RTH
CRK,2026-06-23,13.46,13.381,1592523.0,241891174,TWS historical TRADES / 1 day / RTH
CRK,2026-06-25,13.87,13.769,1157822.0,241891174,TWS historical TRADES / 1 day / RTH
CRK,2026-06-29,14.19,14.16,1589415.0,241891174,TWS historical TRADES / 1 day / RTH
CRK,2026-06-30,14.92,14.922,1997156.0,241891174,TWS historical TRADES / 1 day / RTH
CVI,2026-06-22,27.9,27.551,475577.0,46671687,TWS historical TRADES / 1 day / RTH
CVI,2026-06-23,27.2,27.064,967329.0,46671687,TWS historical TRADES / 1 day / RTH
CVI,2026-06-25,27.31,27.429,895870.0,46671687,TWS historical TRADES / 1 day / RTH
CVI,2026-06-29,28.1,28.523,666344.0,46671687,TWS historical TRADES / 1 day / RTH
CVI,2026-06-30,27.54,27.933,408910.0,46671687,TWS historical TRADES / 1 day / RTH
CVX,2026-06-22,175.06,174.387,3966903.0,5684,TWS historical TRADES / 1 day / RTH
CVX,2026-06-23,175.98,175.829,2878905.0,5684,TWS historical TRADES / 1 day / RTH
CVX,2026-06-25,172.24,171.483,3540025.0,5684,TWS historical TRADES / 1 day / RTH
CVX,2026-06-29,168.47,169.404,4193606.0,5684,TWS historical TRADES / 1 day / RTH
CVX,2026-06-30,165.76,167.03,6673915.0,5684,TWS historical TRADES / 1 day / RTH
DEC,2026-06-22,13.12,12.933,892289.0,831843620,TWS historical TRADES / 1 day / RTH
DEC,2026-06-23,12.93,13.021,512860.0,831843620,TWS historical TRADES / 1 day / RTH
DEC,2026-06-25,12.52,12.585,581600.0,831843620,TWS historical TRADES / 1 day / RTH
DEC,2026-06-29,13.48,13.383,906104.0,831843620,TWS historical TRADES / 1 day / RTH
DEC,2026-06-30,13.86,13.793,891307.0,831843620,TWS historical TRADES / 1 day / RTH
DINO,2026-06-22,65.84,65.013,839436.0,550324178,TWS historical TRADES / 1 day / RTH
DINO,2026-06-23,65.65,65.723,1010701.0,550324178,TWS historical TRADES / 1 day / RTH
DINO,2026-06-25,67.78,67.271,1318550.0,550324178,TWS historical TRADES / 1 day / RTH
DINO,2026-06-29,70.81,71.106,1207963.0,550324178,TWS historical TRADES / 1 day / RTH
DINO,2026-06-30,69.65,70.501,1008019.0,550324178,TWS historical TRADES / 1 day / RTH
DK,2026-06-22,42.88,42.182,471592.0,280731752,TWS historical TRADES / 1 day / RTH
DK,2026-06-23,43.41,43.064,370504.0,280731752,TWS historical TRADES / 1 day / RTH
DK,2026-06-25,47.17,46.593,390109.0,280731752,TWS historical TRADES / 1 day / RTH
DK,2026-06-29,51.58,51.483,833890.0,280731752,TWS historical TRADES / 1 day / RTH
DK,2026-06-30,50.81,51.536,563841.0,280731752,TWS historical TRADES / 1 day / RTH
DVN,2026-06-22,43.05,42.771,8308791.0,754442,TWS historical TRADES / 1 day / RTH
DVN,2026-06-23,43.39,43.317,5298883.0,754442,TWS historical TRADES / 1 day / RTH
DVN,2026-06-25,42.6,42.962,8382365.0,754442,TWS historical TRADES / 1 day / RTH
DVN,2026-06-29,41.99,42.479,6343669.0,754442,TWS historical TRADES / 1 day / RTH
DVN,2026-06-30,41.32,41.745,7430056.0,754442,TWS historical TRADES / 1 day / RTH
EGY,2026-06-22,5.45,5.48644,767228.0,30080724,TWS historical TRADES / 1 day / RTH
EGY,2026-06-23,5.32,5.35818,577798.0,30080724,TWS historical TRADES / 1 day / RTH
EGY,2026-06-25,5.01,5.00354,1079110.0,30080724,TWS historical TRADES / 1 day / RTH
EGY,2026-06-29,4.95,4.94195,923582.0,30080724,TWS historical TRADES / 1 day / RTH
EGY,2026-06-30,5.08,5.05658,1241544.0,30080724,TWS historical TRADES / 1 day / RTH
EOG,2026-06-22,132.83,131.631,1705364.0,6890,TWS historical TRADES / 1 day / RTH
EOG,2026-06-23,134.9,133.8,1973552.0,6890,TWS historical TRADES / 1 day / RTH
EOG,2026-06-25,133.59,133.503,2417323.0,6890,TWS historical TRADES / 1 day / RTH
EOG,2026-06-29,131.93,133.082,1536393.0,6890,TWS historical TRADES / 1 day / RTH
EOG,2026-06-30,129.73,130.984,1430030.0,6890,TWS historical TRADES / 1 day / RTH
EQT,2026-06-22,51.84,51.237,5314307.0,57698865,TWS historical TRADES / 1 day / RTH
EQT,2026-06-23,51.66,51.497,4767859.0,57698865,TWS historical TRADES / 1 day / RTH
EQT,2026-06-25,51.65,51.411,4617700.0,57698865,TWS historical TRADES / 1 day / RTH
EQT,2026-06-29,52.0,52.146,3540710.0,57698865,TWS historical TRADES / 1 day / RTH
EQT,2026-06-30,53.17,53.274,5057984.0,57698865,TWS historical TRADES / 1 day / RTH
EXE,2026-06-22,88.44,87.801,1857498.0,470458975,TWS historical TRADES / 1 day / RTH
EXE,2026-06-23,88.73,88.776,2052688.0,470458975,TWS historical TRADES / 1 day / RTH
EXE,2026-06-25,88.44,88.681,1993829.0,470458975,TWS historical TRADES / 1 day / RTH
EXE,2026-06-29,87.54,87.77,1828384.0,470458975,TWS historical TRADES / 1 day / RTH
EXE,2026-06-30,91.19,91.383,4280467.0,470458975,TWS historical TRADES / 1 day / RTH
FANG,2026-06-22,187.8,186.909,830826.0,115441080,TWS historical TRADES / 1 day / RTH
FANG,2026-06-23,187.91,187.973,686293.0,115441080,TWS historical TRADES / 1 day / RTH
FANG,2026-06-25,182.55,182.609,827695.0,115441080,TWS historical TRADES / 1 day / RTH
FANG,2026-06-29,180.54,180.971,992951.0,115441080,TWS historical TRADES / 1 day / RTH
FANG,2026-06-30,175.78,177.765,1184612.0,115441080,TWS historical TRADES / 1 day / RTH
GEVO,2026-06-22,1.42,1.45951,2349708.0,320228879,TWS historical TRADES / 1 day / RTH
GEVO,2026-06-23,1.4,1.42178,1430202.0,320228879,TWS historical TRADES / 1 day / RTH
GEVO,2026-06-25,1.4,1.40626,1742189.0,320228879,TWS historical TRADES / 1 day / RTH
GEVO,2026-06-29,1.47,1.46044,2977279.0,320228879,TWS historical TRADES / 1 day / RTH
GEVO,2026-06-30,1.5,1.4739,3156431.0,320228879,TWS historical TRADES / 1 day / RTH
GPOR,2026-06-22,162.34,161.364,140942.0,491186703,TWS historical TRADES / 1 day / RTH
GPOR,2026-06-23,161.52,161.743,226260.0,491186703,TWS historical TRADES / 1 day / RTH
GPOR,2026-06-25,159.34,160.161,78041.0,491186703,TWS historical TRADES / 1 day / RTH
GPOR,2026-06-29,166.0,166.049,634466.0,491186703,TWS historical TRADES / 1 day / RTH
GPOR,2026-06-30,169.7,169.637,484181.0,491186703,TWS historical TRADES / 1 day / RTH
GPRE,2026-06-22,15.06,14.974,603220.0,38333348,TWS historical TRADES / 1 day / RTH
GPRE,2026-06-23,14.41,14.499,508080.0,38333348,TWS historical TRADES / 1 day / RTH
GPRE,2026-06-25,14.89,14.63,538925.0,38333348,TWS historical TRADES / 1 day / RTH
GPRE,2026-06-29,15.24,15.296,510865.0,38333348,TWS historical TRADES / 1 day / RTH
GPRE,2026-06-30,15.38,15.419,541062.0,38333348,TWS historical TRADES / 1 day / RTH
KOS,2026-06-22,2.46,2.4421,8109637.0,346369068,TWS historical TRADES / 1 day / RTH
KOS,2026-06-23,2.3,2.31856,10599186.0,346369068,TWS historical TRADES / 1 day / RTH
KOS,2026-06-25,2.18,2.17318,11482652.0,346369068,TWS historical TRADES / 1 day / RTH
KOS,2026-06-29,2.08,2.10433,10230593.0,346369068,TWS historical TRADES / 1 day / RTH
KOS,2026-06-30,2.11,2.12573,11931853.0,346369068,TWS historical TRADES / 1 day / RTH
MGY,2026-06-22,27.13,26.979,2307703.0,327849712,TWS historical TRADES / 1 day / RTH
MGY,2026-06-23,26.83,26.828,1217196.0,327849712,TWS historical TRADES / 1 day / RTH
MGY,2026-06-25,27.2,27.201,1818109.0,327849712,TWS historical TRADES / 1 day / RTH
MGY,2026-06-29,25.73,26.007,4069549.0,327849712,TWS historical TRADES / 1 day / RTH
MGY,2026-06-30,25.58,25.741,1551261.0,327849712,TWS historical TRADES / 1 day / RTH
MPC,2026-06-22,247.29,245.1,753238.0,89495776,TWS historical TRADES / 1 day / RTH
MPC,2026-06-23,248.52,247.362,518353.0,89495776,TWS historical TRADES / 1 day / RTH
MPC,2026-06-25,253.56,251.651,761790.0,89495776,TWS historical TRADES / 1 day / RTH
MPC,2026-06-29,259.22,261.677,863885.0,89495776,TWS historical TRADES / 1 day / RTH
MPC,2026-06-30,255.67,257.151,716763.0,89495776,TWS historical TRADES / 1 day / RTH
MTDR,2026-06-22,50.66,50.32182,1108522.0,101694297,TWS historical TRADES / 1 day / RTH
MTDR,2026-06-23,50.38,50.42279,1037731.0,101694297,TWS historical TRADES / 1 day / RTH
MTDR,2026-06-25,50.16,50.38426,969508.0,101694297,TWS historical TRADES / 1 day / RTH
MTDR,2026-06-29,49.76,50.24188,1228469.0,101694297,TWS historical TRADES / 1 day / RTH
MTDR,2026-06-30,49.78,50.14526,853614.0,101694297,TWS historical TRADES / 1 day / RTH
MUR,2026-06-22,34.42,34.325,1008117.0,9952,TWS historical TRADES / 1 day / RTH
MUR,2026-06-23,36.02,35.941,2718239.0,9952,TWS historical TRADES / 1 day / RTH
MUR,2026-06-25,35.39,35.236,581264.0,9952,TWS historical TRADES / 1 day / RTH
MUR,2026-06-29,33.9,34.081,910541.0,9952,TWS historical TRADES / 1 day / RTH
MUR,2026-06-30,32.56,33.032,1396553.0,9952,TWS historical TRADES / 1 day / RTH
NOG,2026-06-22,19.31,19.366,1953418.0,443378898,TWS historical TRADES / 1 day / RTH
NOG,2026-06-23,19.42,19.439,1954284.0,443378898,TWS historical TRADES / 1 day / RTH
NOG,2026-06-25,19.74,19.805,2363101.0,443378898,TWS historical TRADES / 1 day / RTH
NOG,2026-06-29,17.77,18.046,4007045.0,443378898,TWS historical TRADES / 1 day / RTH
NOG,2026-06-30,18.15,18.142,2571665.0,443378898,TWS historical TRADES / 1 day / RTH
NUAI,2026-06-22,6.68,6.97287,11637556.0,747071663,TWS historical TRADES / 1 day / RTH
NUAI,2026-06-23,6.165,6.32076,5340399.0,747071663,TWS historical TRADES / 1 day / RTH
NUAI,2026-06-25,5.88,5.75324,4669518.0,747071663,TWS historical TRADES / 1 day / RTH
NUAI,2026-06-29,6.14,5.9433,7638969.0,747071663,TWS historical TRADES / 1 day / RTH
NUAI,2026-06-30,6.38,6.57987,6225848.0,747071663,TWS historical TRADES / 1 day / RTH
OVV,2026-06-22,54.62,53.959,2216606.0,400651394,TWS historical TRADES / 1 day / RTH
OVV,2026-06-23,54.87,54.797,2344949.0,400651394,TWS historical TRADES / 1 day / RTH
OVV,2026-06-25,53.55,53.215,1417198.0,400651394,TWS historical TRADES / 1 day / RTH
OVV,2026-06-29,53.2,53.254,1516367.0,400651394,TWS historical TRADES / 1 day / RTH
OVV,2026-06-30,52.65,52.973,1651423.0,400651394,TWS historical TRADES / 1 day / RTH
OXY,2026-06-22,52.0,51.747,5588623.0,10880,TWS historical TRADES / 1 day / RTH
OXY,2026-06-23,52.23,52.181,4352734.0,10880,TWS historical TRADES / 1 day / RTH
OXY,2026-06-25,51.21,51.215,4664467.0,10880,TWS historical TRADES / 1 day / RTH
OXY,2026-06-29,49.09,49.74,5045748.0,10880,TWS historical TRADES / 1 day / RTH
OXY,2026-06-30,48.57,49.088,3984688.0,10880,TWS historical TRADES / 1 day / RTH
PARR,2026-06-22,51.05,50.778,261984.0,143288167,TWS historical TRADES / 1 day / RTH
PARR,2026-06-23,50.7,50.762,424155.0,143288167,TWS historical TRADES / 1 day / RTH
PARR,2026-06-25,54.13,53.225,372666.0,143288167,TWS historical TRADES / 1 day / RTH
PARR,2026-06-29,56.67,57.146,448400.0,143288167,TWS historical TRADES / 1 day / RTH
PARR,2026-06-30,56.08,56.806,330100.0,143288167,TWS historical TRADES / 1 day / RTH
PBF,2026-06-22,39.29,38.231,1305304.0,118786560,TWS historical TRADES / 1 day / RTH
PBF,2026-06-23,40.69,40.009,1858498.0,118786560,TWS historical TRADES / 1 day / RTH
PBF,2026-06-25,42.29,41.936,1373922.0,118786560,TWS historical TRADES / 1 day / RTH
PBF,2026-06-29,46.43,46.415,2945085.0,118786560,TWS historical TRADES / 1 day / RTH
PBF,2026-06-30,45.52,45.986,1484365.0,118786560,TWS historical TRADES / 1 day / RTH
PR,2026-06-22,19.0,18.839,9488020.0,583257697,TWS historical TRADES / 1 day / RTH
PR,2026-06-23,19.18,19.189,8237197.0,583257697,TWS historical TRADES / 1 day / RTH
PR,2026-06-25,18.86,18.748,8967761.0,583257697,TWS historical TRADES / 1 day / RTH
PR,2026-06-29,18.47,18.594,9486833.0,583257697,TWS historical TRADES / 1 day / RTH
PR,2026-06-30,18.41,18.504,6103292.0,583257697,TWS historical TRADES / 1 day / RTH
PSX,2026-06-22,168.41,167.757,1638856.0,105669270,TWS historical TRADES / 1 day / RTH
PSX,2026-06-23,170.34,170.347,1306346.0,105669270,TWS historical TRADES / 1 day / RTH
PSX,2026-06-25,171.76,171.556,1167733.0,105669270,TWS historical TRADES / 1 day / RTH
PSX,2026-06-29,174.05,176.121,1215886.0,105669270,TWS historical TRADES / 1 day / RTH
PSX,2026-06-30,169.05,171.2,1141305.0,105669270,TWS historical TRADES / 1 day / RTH
REX,2026-06-22,43.97,43.571,115440.0,11736,TWS historical TRADES / 1 day / RTH
REX,2026-06-23,43.27,43.646,53470.0,11736,TWS historical TRADES / 1 day / RTH
REX,2026-06-25,43.41,43.114,55307.0,11736,TWS historical TRADES / 1 day / RTH
REX,2026-06-29,44.69,44.623,70309.0,11736,TWS historical TRADES / 1 day / RTH
REX,2026-06-30,45.15,45.146,58378.0,11736,TWS historical TRADES / 1 day / RTH
RRC,2026-06-22,36.78,36.63191,1508402.0,6608450,TWS historical TRADES / 1 day / RTH
RRC,2026-06-23,36.72,36.58498,1976117.0,6608450,TWS historical TRADES / 1 day / RTH
RRC,2026-06-25,36.31,36.24004,1455591.0,6608450,TWS historical TRADES / 1 day / RTH
RRC,2026-06-29,36.35,36.55412,2011422.0,6608450,TWS historical TRADES / 1 day / RTH
RRC,2026-06-30,37.19,37.1815,2269893.0,6608450,TWS historical TRADES / 1 day / RTH
SD,2026-06-22,13.89,13.89937,144802.0,249453965,TWS historical TRADES / 1 day / RTH
SD,2026-06-23,14.01,13.9459,131059.0,249453965,TWS historical TRADES / 1 day / RTH
SD,2026-06-25,13.57,13.60523,139472.0,249453965,TWS historical TRADES / 1 day / RTH
SD,2026-06-29,13.8,13.84757,156957.0,249453965,TWS historical TRADES / 1 day / RTH
SD,2026-06-30,13.7,13.79617,159050.0,249453965,TWS historical TRADES / 1 day / RTH
SM,2026-06-22,27.56,27.2991,2371810.0,75472988,TWS historical TRADES / 1 day / RTH
SM,2026-06-23,27.41,27.5672,1640248.0,75472988,TWS historical TRADES / 1 day / RTH
SM,2026-06-25,26.52,26.53437,1583118.0,75472988,TWS historical TRADES / 1 day / RTH
SM,2026-06-29,26.14,26.28414,1887563.0,75472988,TWS historical TRADES / 1 day / RTH
SM,2026-06-30,26.1,26.32294,1695632.0,75472988,TWS historical TRADES / 1 day / RTH
SOC,2026-06-22,9.37,9.219,3542351.0,683779067,TWS historical TRADES / 1 day / RTH
SOC,2026-06-23,8.94,9.028,2170314.0,683779067,TWS historical TRADES / 1 day / RTH
SOC,2026-06-25,7.59,7.599,2486702.0,683779067,TWS historical TRADES / 1 day / RTH
SOC,2026-06-29,6.97,7.305,1728198.0,683779067,TWS historical TRADES / 1 day / RTH
SOC,2026-06-30,3.08,3.422,86508333.0,683779067,TWS historical TRADES / 1 day / RTH
TALO,2026-06-22,14.06,13.915,589348.0,316544447,TWS historical TRADES / 1 day / RTH
TALO,2026-06-23,13.96,13.989,901807.0,316544447,TWS historical TRADES / 1 day / RTH
TALO,2026-06-25,13.72,13.645,1115640.0,316544447,TWS historical TRADES / 1 day / RTH
TALO,2026-06-29,13.36,13.459,900062.0,316544447,TWS historical TRADES / 1 day / RTH
TALO,2026-06-30,12.91,13.103,739575.0,316544447,TWS historical TRADES / 1 day / RTH
TPL,2026-06-22,361.11,355.1,206221.0,463654490,TWS historical TRADES / 1 day / RTH
TPL,2026-06-23,369.9,370.062,234708.0,463654490,TWS historical TRADES / 1 day / RTH
TPL,2026-06-25,391.04,389.052,165180.0,463654490,TWS historical TRADES / 1 day / RTH
TPL,2026-06-29,419.98,414.794,227867.0,463654490,TWS historical TRADES / 1 day / RTH
TPL,2026-06-30,437.64,435.46,237316.0,463654490,TWS historical TRADES / 1 day / RTH
VG,2026-06-22,11.26,11.18,10053660.0,756373540,TWS historical TRADES / 1 day / RTH
VG,2026-06-23,11.21,11.121,6342954.0,756373540,TWS historical TRADES / 1 day / RTH
VG,2026-06-25,10.83,10.601,12773561.0,756373540,TWS historical TRADES / 1 day / RTH
VG,2026-06-29,11.15,11.171,6705766.0,756373540,TWS historical TRADES / 1 day / RTH
VG,2026-06-30,11.13,11.228,4777732.0,756373540,TWS historical TRADES / 1 day / RTH
VLO,2026-06-22,243.78,240.212,1351020.0,13497,TWS historical TRADES / 1 day / RTH
VLO,2026-06-23,243.68,243.553,1769536.0,13497,TWS historical TRADES / 1 day / RTH
VLO,2026-06-25,255.06,251.919,1604045.0,13497,TWS historical TRADES / 1 day / RTH
VLO,2026-06-29,266.32,268.347,1541745.0,13497,TWS historical TRADES / 1 day / RTH
VLO,2026-06-30,260.44,262.365,1121331.0,13497,TWS historical TRADES / 1 day / RTH
VNOM,2026-06-22,43.56,43.363,794007.0,808305869,TWS historical TRADES / 1 day / RTH
VNOM,2026-06-23,43.68,43.8,725540.0,808305869,TWS historical TRADES / 1 day / RTH
VNOM,2026-06-25,43.55,43.576,867784.0,808305869,TWS historical TRADES / 1 day / RTH
VNOM,2026-06-29,42.41,42.452,1378824.0,808305869,TWS historical TRADES / 1 day / RTH
VNOM,2026-06-30,42.4,42.514,999968.0,808305869,TWS historical TRADES / 1 day / RTH
VTS,2026-06-22,15.99,15.907,302269.0,606826288,TWS historical TRADES / 1 day / RTH
VTS,2026-06-23,16.14,16.018,168404.0,606826288,TWS historical TRADES / 1 day / RTH
VTS,2026-06-25,15.58,15.581,243095.0,606826288,TWS historical TRADES / 1 day / RTH
VTS,2026-06-29,15.9,15.874,284130.0,606826288,TWS historical TRADES / 1 day / RTH
VTS,2026-06-30,15.77,15.823,368492.0,606826288,TWS historical TRADES / 1 day / RTH
WKC,2026-06-22,31.68,31.707,495479.0,2007782,TWS historical TRADES / 1 day / RTH
WKC,2026-06-23,31.94,31.715,335758.0,2007782,TWS historical TRADES / 1 day / RTH
WKC,2026-06-25,32.19,32.182,356977.0,2007782,TWS historical TRADES / 1 day / RTH
WKC,2026-06-29,33.6,33.701,376395.0,2007782,TWS historical TRADES / 1 day / RTH
WKC,2026-06-30,32.94,33.254,303784.0,2007782,TWS historical TRADES / 1 day / RTH
XOM,2026-06-22,138.47,138.183,6084671.0,895178251,TWS historical TRADES / 1 day / RTH
XOM,2026-06-23,139.73,139.747,5779460.0,895178251,TWS historical TRADES / 1 day / RTH
XOM,2026-06-25,137.55,136.974,5823731.0,895178251,TWS historical TRADES / 1 day / RTH
XOM,2026-06-29,136.06,136.314,5623335.0,895178251,TWS historical TRADES / 1 day / RTH
XOM,2026-06-30,136.72,136.266,7894412.0,895178251,TWS historical TRADES / 1 day / RTH
