trade_day,minute_end_ny,minute,open,high,low,close,bar_vwap,volume,bar_count,source
2026-06-22,2026-06-22T15:30:00-04:00,15:30,154.44,154.47,154.31,154.36,154.364,8224.0,52,TWS historical TRADES / 1 min / RTH
2026-06-22,2026-06-22T15:31:00-04:00,15:31,154.35,154.35,154.26,154.32,154.287,4572.0,29,TWS historical TRADES / 1 min / RTH
2026-06-22,2026-06-22T15:32:00-04:00,15:32,154.31,154.51,154.3,154.51,154.425,3455.0,30,TWS historical TRADES / 1 min / RTH
2026-06-22,2026-06-22T15:33:00-04:00,15:33,154.48,154.48,154.39,154.4,154.435,1605.0,11,TWS historical TRADES / 1 min / RTH
2026-06-22,2026-06-22T15:34:00-04:00,15:34,154.4,154.41,154.36,154.41,154.392,2423.0,14,TWS historical TRADES / 1 min / RTH
2026-06-22,2026-06-22T15:35:00-04:00,15:35,154.4,154.46,154.38,154.42,154.425,2224.0,14,TWS historical TRADES / 1 min / RTH
2026-06-22,2026-06-22T15:36:00-04:00,15:36,154.43,154.48,154.43,154.43,154.459,5880.0,49,TWS historical TRADES / 1 min / RTH
2026-06-22,2026-06-22T15:37:00-04:00,15:37,154.41,154.49,154.41,154.46,154.456,4015.0,29,TWS historical TRADES / 1 min / RTH
2026-06-22,2026-06-22T15:38:00-04:00,15:38,154.45,154.49,154.38,154.4,154.452,5468.0,27,TWS historical TRADES / 1 min / RTH
2026-06-22,2026-06-22T15:39:00-04:00,15:39,154.39,154.4,154.3,154.34,154.335,4611.0,20,TWS historical TRADES / 1 min / RTH
2026-06-22,2026-06-22T15:40:00-04:00,15:40,154.34,154.42,154.34,154.37,154.379,5556.0,28,TWS historical TRADES / 1 min / RTH
2026-06-22,2026-06-22T15:41:00-04:00,15:41,154.4,154.44,154.38,154.41,154.403,3310.0,24,TWS historical TRADES / 1 min / RTH
2026-06-22,2026-06-22T15:42:00-04:00,15:42,154.41,154.41,154.34,154.36,154.367,2066.0,17,TWS historical TRADES / 1 min / RTH
2026-06-22,2026-06-22T15:43:00-04:00,15:43,154.36,154.46,154.34,154.44,154.399,3936.0,32,TWS historical TRADES / 1 min / RTH
2026-06-22,2026-06-22T15:44:00-04:00,15:44,154.44,154.49,154.39,154.47,154.433,4694.0,40,TWS historical TRADES / 1 min / RTH
2026-06-22,2026-06-22T15:45:00-04:00,15:45,154.45,154.48,154.38,154.39,154.435,5585.0,38,TWS historical TRADES / 1 min / RTH
2026-06-22,2026-06-22T15:46:00-04:00,15:46,154.41,154.57,154.41,154.57,154.484,7704.0,65,TWS historical TRADES / 1 min / RTH
2026-06-22,2026-06-22T15:47:00-04:00,15:47,154.56,154.68,154.53,154.65,154.606,9330.0,69,TWS historical TRADES / 1 min / RTH
2026-06-22,2026-06-22T15:48:00-04:00,15:48,154.62,154.66,154.57,154.65,154.618,7994.0,44,TWS historical TRADES / 1 min / RTH
2026-06-22,2026-06-22T15:49:00-04:00,15:49,154.68,154.78,154.67,154.78,154.729,4688.0,33,TWS historical TRADES / 1 min / RTH
2026-06-22,2026-06-22T15:50:00-04:00,15:50,154.8,154.96,154.75,154.92,154.873,16118.0,90,TWS historical TRADES / 1 min / RTH
2026-06-22,2026-06-22T15:51:00-04:00,15:51,154.91,154.91,154.75,154.78,154.816,9588.0,68,TWS historical TRADES / 1 min / RTH
2026-06-22,2026-06-22T15:52:00-04:00,15:52,154.77,154.79,154.7,154.71,154.736,5827.0,52,TWS historical TRADES / 1 min / RTH
2026-06-22,2026-06-22T15:53:00-04:00,15:53,154.72,154.82,154.65,154.8,154.712,6676.0,56,TWS historical TRADES / 1 min / RTH
2026-06-22,2026-06-22T15:54:00-04:00,15:54,154.82,154.9,154.79,154.81,154.856,8265.0,66,TWS historical TRADES / 1 min / RTH
2026-06-22,2026-06-22T15:55:00-04:00,15:55,154.83,154.92,154.76,154.9,154.854,14246.0,117,TWS historical TRADES / 1 min / RTH
2026-06-22,2026-06-22T15:56:00-04:00,15:56,154.9,154.97,154.9,154.93,154.921,17757.0,143,TWS historical TRADES / 1 min / RTH
2026-06-22,2026-06-22T15:57:00-04:00,15:57,154.95,155.03,154.84,154.86,154.932,18562.0,154,TWS historical TRADES / 1 min / RTH
2026-06-22,2026-06-22T15:58:00-04:00,15:58,154.87,154.94,154.87,154.92,154.913,50951.0,314,TWS historical TRADES / 1 min / RTH
2026-06-22,2026-06-22T15:59:00-04:00,15:59,154.92,155.01,154.83,154.99,154.912,55491.0,399,TWS historical TRADES / 1 min / RTH
2026-06-23,2026-06-23T15:30:00-04:00,15:30,154.94,154.96,154.92,154.96,154.943,1937.0,19,TWS historical TRADES / 1 min / RTH
2026-06-23,2026-06-23T15:31:00-04:00,15:31,154.97,154.97,154.91,154.91,154.929,2163.0,20,TWS historical TRADES / 1 min / RTH
2026-06-23,2026-06-23T15:32:00-04:00,15:32,154.9,154.91,154.81,154.83,154.846,1850.0,17,TWS historical TRADES / 1 min / RTH
2026-06-23,2026-06-23T15:33:00-04:00,15:33,154.84,154.87,154.8,154.86,154.831,3600.0,34,TWS historical TRADES / 1 min / RTH
2026-06-23,2026-06-23T15:34:00-04:00,15:34,154.92,154.92,154.87,154.88,154.893,900.0,8,TWS historical TRADES / 1 min / RTH
2026-06-23,2026-06-23T15:35:00-04:00,15:35,154.91,155.09,154.91,155.08,155.003,2269.0,22,TWS historical TRADES / 1 min / RTH
2026-06-23,2026-06-23T15:36:00-04:00,15:36,155.1,155.1,154.93,154.95,154.975,8472.0,41,TWS historical TRADES / 1 min / RTH
2026-06-23,2026-06-23T15:37:00-04:00,15:37,154.95,154.97,154.91,154.93,154.931,1100.0,9,TWS historical TRADES / 1 min / RTH
2026-06-23,2026-06-23T15:38:00-04:00,15:38,154.87,154.93,154.85,154.85,154.892,2700.0,24,TWS historical TRADES / 1 min / RTH
2026-06-23,2026-06-23T15:39:00-04:00,15:39,154.84,154.92,154.83,154.92,154.876,2735.0,27,TWS historical TRADES / 1 min / RTH
2026-06-23,2026-06-23T15:40:00-04:00,15:40,154.92,154.98,154.92,154.98,154.952,1488.0,11,TWS historical TRADES / 1 min / RTH
2026-06-23,2026-06-23T15:41:00-04:00,15:41,154.96,155.0,154.91,154.94,154.951,8260.0,53,TWS historical TRADES / 1 min / RTH
2026-06-23,2026-06-23T15:42:00-04:00,15:42,154.96,154.98,154.96,154.96,154.967,1349.0,12,TWS historical TRADES / 1 min / RTH
2026-06-23,2026-06-23T15:43:00-04:00,15:43,154.98,154.98,154.92,154.95,154.957,6112.0,43,TWS historical TRADES / 1 min / RTH
2026-06-23,2026-06-23T15:44:00-04:00,15:44,154.97,155.03,154.95,155.01,154.977,6604.0,56,TWS historical TRADES / 1 min / RTH
2026-06-23,2026-06-23T15:45:00-04:00,15:45,154.98,155.07,154.97,155.03,155.021,5115.0,45,TWS historical TRADES / 1 min / RTH
2026-06-23,2026-06-23T15:46:00-04:00,15:46,155.04,155.09,155.02,155.03,155.061,3506.0,28,TWS historical TRADES / 1 min / RTH
2026-06-23,2026-06-23T15:47:00-04:00,15:47,155.05,155.11,155.0,155.0,155.053,4444.0,36,TWS historical TRADES / 1 min / RTH
2026-06-23,2026-06-23T15:48:00-04:00,15:48,155.03,155.04,154.86,154.92,154.928,14725.0,78,TWS historical TRADES / 1 min / RTH
2026-06-23,2026-06-23T15:49:00-04:00,15:49,154.91,155.05,154.9,155.05,154.983,3607.0,36,TWS historical TRADES / 1 min / RTH
2026-06-23,2026-06-23T15:50:00-04:00,15:50,155.05,155.15,155.05,155.1,155.099,6158.0,51,TWS historical TRADES / 1 min / RTH
2026-06-23,2026-06-23T15:51:00-04:00,15:51,155.11,155.14,154.94,155.0,155.057,11029.0,80,TWS historical TRADES / 1 min / RTH
2026-06-23,2026-06-23T15:52:00-04:00,15:52,155.02,155.09,154.99,155.04,155.035,4905.0,38,TWS historical TRADES / 1 min / RTH
2026-06-23,2026-06-23T15:53:00-04:00,15:53,155.03,155.03,154.9,154.96,154.945,6431.0,52,TWS historical TRADES / 1 min / RTH
2026-06-23,2026-06-23T15:54:00-04:00,15:54,154.94,155.01,154.89,154.95,154.942,12031.0,100,TWS historical TRADES / 1 min / RTH
2026-06-23,2026-06-23T15:55:00-04:00,15:55,154.96,155.19,154.96,155.16,155.106,27466.0,207,TWS historical TRADES / 1 min / RTH
2026-06-23,2026-06-23T15:56:00-04:00,15:56,155.13,155.21,155.09,155.13,155.138,21629.0,129,TWS historical TRADES / 1 min / RTH
2026-06-23,2026-06-23T15:57:00-04:00,15:57,155.14,155.31,155.14,155.31,155.229,16865.0,136,TWS historical TRADES / 1 min / RTH
2026-06-23,2026-06-23T15:58:00-04:00,15:58,155.33,155.36,155.16,155.16,155.278,47795.0,277,TWS historical TRADES / 1 min / RTH
2026-06-23,2026-06-23T15:59:00-04:00,15:59,155.16,155.21,154.99,155.01,155.054,46698.0,292,TWS historical TRADES / 1 min / RTH
2026-06-25,2026-06-25T15:30:00-04:00,15:30,154.44,154.53,154.43,154.51,154.47,4235.0,29,TWS historical TRADES / 1 min / RTH
2026-06-25,2026-06-25T15:31:00-04:00,15:31,154.53,154.53,154.44,154.51,154.488,5041.0,38,TWS historical TRADES / 1 min / RTH
2026-06-25,2026-06-25T15:32:00-04:00,15:32,154.51,154.55,154.46,154.47,154.508,1322.0,12,TWS historical TRADES / 1 min / RTH
2026-06-25,2026-06-25T15:33:00-04:00,15:33,154.45,154.55,154.44,154.55,154.471,2320.0,19,TWS historical TRADES / 1 min / RTH
2026-06-25,2026-06-25T15:34:00-04:00,15:34,154.57,154.57,154.45,154.45,154.5,2339.0,19,TWS historical TRADES / 1 min / RTH
2026-06-25,2026-06-25T15:35:00-04:00,15:35,154.44,154.47,154.39,154.47,154.43,1333.0,10,TWS historical TRADES / 1 min / RTH
2026-06-25,2026-06-25T15:36:00-04:00,15:36,154.44,154.5,154.4,154.48,154.42,7384.0,56,TWS historical TRADES / 1 min / RTH
2026-06-25,2026-06-25T15:37:00-04:00,15:37,154.48,154.54,154.48,154.51,154.513,2457.0,20,TWS historical TRADES / 1 min / RTH
2026-06-25,2026-06-25T15:38:00-04:00,15:38,154.5,154.59,154.48,154.53,154.53,3391.0,25,TWS historical TRADES / 1 min / RTH
2026-06-25,2026-06-25T15:39:00-04:00,15:39,154.51,154.55,154.46,154.55,154.49,2620.0,20,TWS historical TRADES / 1 min / RTH
2026-06-25,2026-06-25T15:40:00-04:00,15:40,154.55,154.56,154.51,154.56,154.539,1865.0,16,TWS historical TRADES / 1 min / RTH
2026-06-25,2026-06-25T15:41:00-04:00,15:41,154.55,154.61,154.52,154.55,154.565,4180.0,35,TWS historical TRADES / 1 min / RTH
2026-06-25,2026-06-25T15:42:00-04:00,15:42,154.53,154.58,154.48,154.57,154.523,4009.0,34,TWS historical TRADES / 1 min / RTH
2026-06-25,2026-06-25T15:43:00-04:00,15:43,154.57,154.59,154.49,154.49,154.544,3257.0,26,TWS historical TRADES / 1 min / RTH
2026-06-25,2026-06-25T15:44:00-04:00,15:44,154.49,154.54,154.47,154.53,154.507,2670.0,19,TWS historical TRADES / 1 min / RTH
2026-06-25,2026-06-25T15:45:00-04:00,15:45,154.53,154.59,154.43,154.44,154.498,8255.0,63,TWS historical TRADES / 1 min / RTH
2026-06-25,2026-06-25T15:46:00-04:00,15:46,154.47,154.52,154.45,154.5,154.482,4381.0,38,TWS historical TRADES / 1 min / RTH
2026-06-25,2026-06-25T15:47:00-04:00,15:47,154.51,154.54,154.42,154.45,154.463,7260.0,26,TWS historical TRADES / 1 min / RTH
2026-06-25,2026-06-25T15:48:00-04:00,15:48,154.43,154.54,154.41,154.5,154.447,3728.0,28,TWS historical TRADES / 1 min / RTH
2026-06-25,2026-06-25T15:49:00-04:00,15:49,154.49,154.58,154.46,154.56,154.522,3854.0,29,TWS historical TRADES / 1 min / RTH
2026-06-25,2026-06-25T15:50:00-04:00,15:50,154.58,154.69,154.52,154.53,154.623,11205.0,95,TWS historical TRADES / 1 min / RTH
2026-06-25,2026-06-25T15:51:00-04:00,15:51,154.54,154.63,154.54,154.62,154.588,7042.0,59,TWS historical TRADES / 1 min / RTH
2026-06-25,2026-06-25T15:52:00-04:00,15:52,154.59,154.76,154.57,154.75,154.677,7092.0,45,TWS historical TRADES / 1 min / RTH
2026-06-25,2026-06-25T15:53:00-04:00,15:53,154.75,154.77,154.68,154.75,154.731,9190.0,68,TWS historical TRADES / 1 min / RTH
2026-06-25,2026-06-25T15:54:00-04:00,15:54,154.76,154.79,154.66,154.74,154.725,10381.0,88,TWS historical TRADES / 1 min / RTH
2026-06-25,2026-06-25T15:55:00-04:00,15:55,154.75,154.75,154.54,154.63,154.629,12204.0,93,TWS historical TRADES / 1 min / RTH
2026-06-25,2026-06-25T15:56:00-04:00,15:56,154.63,154.77,154.58,154.58,154.675,12653.0,103,TWS historical TRADES / 1 min / RTH
2026-06-25,2026-06-25T15:57:00-04:00,15:57,154.58,154.65,154.53,154.6,154.595,13461.0,105,TWS historical TRADES / 1 min / RTH
2026-06-25,2026-06-25T15:58:00-04:00,15:58,154.63,154.63,154.47,154.57,154.544,51740.0,339,TWS historical TRADES / 1 min / RTH
2026-06-25,2026-06-25T15:59:00-04:00,15:59,154.58,154.79,154.58,154.76,154.672,42691.0,338,TWS historical TRADES / 1 min / RTH
2026-06-29,2026-06-29T15:30:00-04:00,15:30,155.88,155.89,155.81,155.83,155.836,4075.0,29,TWS historical TRADES / 1 min / RTH
2026-06-29,2026-06-29T15:31:00-04:00,15:31,155.85,155.87,155.81,155.83,155.842,2171.0,18,TWS historical TRADES / 1 min / RTH
2026-06-29,2026-06-29T15:32:00-04:00,15:32,155.82,155.82,155.69,155.69,155.74,4083.0,35,TWS historical TRADES / 1 min / RTH
2026-06-29,2026-06-29T15:33:00-04:00,15:33,155.72,155.77,155.66,155.66,155.734,6707.0,48,TWS historical TRADES / 1 min / RTH
2026-06-29,2026-06-29T15:34:00-04:00,15:34,155.64,155.77,155.64,155.77,155.684,3700.0,29,TWS historical TRADES / 1 min / RTH
2026-06-29,2026-06-29T15:35:00-04:00,15:35,155.75,155.77,155.68,155.7,155.745,4999.0,40,TWS historical TRADES / 1 min / RTH
2026-06-29,2026-06-29T15:36:00-04:00,15:36,155.7,155.78,155.67,155.75,155.736,4783.0,39,TWS historical TRADES / 1 min / RTH
2026-06-29,2026-06-29T15:37:00-04:00,15:37,155.74,155.8,155.71,155.78,155.75,4856.0,38,TWS historical TRADES / 1 min / RTH
2026-06-29,2026-06-29T15:38:00-04:00,15:38,155.78,155.78,155.75,155.75,155.774,4479.0,29,TWS historical TRADES / 1 min / RTH
2026-06-29,2026-06-29T15:39:00-04:00,15:39,155.74,155.75,155.7,155.72,155.726,3996.0,25,TWS historical TRADES / 1 min / RTH
2026-06-29,2026-06-29T15:40:00-04:00,15:40,155.72,155.78,155.71,155.74,155.745,6114.0,58,TWS historical TRADES / 1 min / RTH
2026-06-29,2026-06-29T15:41:00-04:00,15:41,155.75,155.76,155.62,155.65,155.706,3575.0,31,TWS historical TRADES / 1 min / RTH
2026-06-29,2026-06-29T15:42:00-04:00,15:42,155.64,155.68,155.53,155.53,155.616,5368.0,44,TWS historical TRADES / 1 min / RTH
2026-06-29,2026-06-29T15:43:00-04:00,15:43,155.54,155.56,155.51,155.51,155.531,2055.0,17,TWS historical TRADES / 1 min / RTH
2026-06-29,2026-06-29T15:44:00-04:00,15:44,155.51,155.56,155.48,155.56,155.525,9307.0,66,TWS historical TRADES / 1 min / RTH
2026-06-29,2026-06-29T15:45:00-04:00,15:45,155.57,155.63,155.49,155.49,155.569,9550.0,63,TWS historical TRADES / 1 min / RTH
2026-06-29,2026-06-29T15:46:00-04:00,15:46,155.49,155.51,155.35,155.36,155.454,4742.0,41,TWS historical TRADES / 1 min / RTH
2026-06-29,2026-06-29T15:47:00-04:00,15:47,155.34,155.4,155.28,155.4,155.326,7654.0,59,TWS historical TRADES / 1 min / RTH
2026-06-29,2026-06-29T15:48:00-04:00,15:48,155.38,155.44,155.37,155.37,155.413,6509.0,57,TWS historical TRADES / 1 min / RTH
2026-06-29,2026-06-29T15:49:00-04:00,15:49,155.35,155.49,155.35,155.48,155.44,10471.0,84,TWS historical TRADES / 1 min / RTH
2026-06-29,2026-06-29T15:50:00-04:00,15:50,155.48,155.54,155.33,155.35,155.438,14650.0,115,TWS historical TRADES / 1 min / RTH
2026-06-29,2026-06-29T15:51:00-04:00,15:51,155.34,155.48,155.34,155.46,155.425,17977.0,114,TWS historical TRADES / 1 min / RTH
2026-06-29,2026-06-29T15:52:00-04:00,15:52,155.46,155.46,155.33,155.35,155.388,11046.0,69,TWS historical TRADES / 1 min / RTH
2026-06-29,2026-06-29T15:53:00-04:00,15:53,155.34,155.34,155.18,155.18,155.254,7166.0,58,TWS historical TRADES / 1 min / RTH
2026-06-29,2026-06-29T15:54:00-04:00,15:54,155.16,155.17,154.93,154.93,155.076,11583.0,97,TWS historical TRADES / 1 min / RTH
2026-06-29,2026-06-29T15:55:00-04:00,15:55,154.94,155.16,154.92,155.15,155.037,55551.0,282,TWS historical TRADES / 1 min / RTH
2026-06-29,2026-06-29T15:56:00-04:00,15:56,155.17,155.3,155.15,155.21,155.235,27873.0,212,TWS historical TRADES / 1 min / RTH
2026-06-29,2026-06-29T15:57:00-04:00,15:57,155.2,155.53,155.19,155.51,155.32,19646.0,121,TWS historical TRADES / 1 min / RTH
2026-06-29,2026-06-29T15:58:00-04:00,15:58,155.5,155.55,155.4,155.48,155.492,45012.0,285,TWS historical TRADES / 1 min / RTH
2026-06-29,2026-06-29T15:59:00-04:00,15:59,155.47,155.51,155.33,155.37,155.416,52916.0,339,TWS historical TRADES / 1 min / RTH
2026-06-30,2026-06-30T15:30:00-04:00,15:30,154.58,154.63,154.53,154.62,154.593,11749.0,81,TWS historical TRADES / 1 min / RTH
2026-06-30,2026-06-30T15:31:00-04:00,15:31,154.6,154.6,154.47,154.54,154.52,5138.0,44,TWS historical TRADES / 1 min / RTH
2026-06-30,2026-06-30T15:32:00-04:00,15:32,154.55,154.61,154.49,154.49,154.556,1829.0,15,TWS historical TRADES / 1 min / RTH
2026-06-30,2026-06-30T15:33:00-04:00,15:33,154.48,154.52,154.42,154.47,154.479,3703.0,32,TWS historical TRADES / 1 min / RTH
2026-06-30,2026-06-30T15:34:00-04:00,15:34,154.44,154.48,154.41,154.44,154.444,3323.0,24,TWS historical TRADES / 1 min / RTH
2026-06-30,2026-06-30T15:35:00-04:00,15:35,154.45,154.49,154.4,154.41,154.45,4774.0,35,TWS historical TRADES / 1 min / RTH
2026-06-30,2026-06-30T15:36:00-04:00,15:36,154.41,154.44,154.32,154.33,154.363,6167.0,42,TWS historical TRADES / 1 min / RTH
2026-06-30,2026-06-30T15:37:00-04:00,15:37,154.33,154.34,154.28,154.28,154.304,8683.0,60,TWS historical TRADES / 1 min / RTH
2026-06-30,2026-06-30T15:38:00-04:00,15:38,154.28,154.34,154.27,154.32,154.311,4650.0,41,TWS historical TRADES / 1 min / RTH
2026-06-30,2026-06-30T15:39:00-04:00,15:39,154.3,154.36,154.27,154.28,154.323,5354.0,38,TWS historical TRADES / 1 min / RTH
2026-06-30,2026-06-30T15:40:00-04:00,15:40,154.27,154.27,154.12,154.14,154.207,15677.0,115,TWS historical TRADES / 1 min / RTH
2026-06-30,2026-06-30T15:41:00-04:00,15:41,154.16,154.22,154.11,154.2,154.164,11569.0,81,TWS historical TRADES / 1 min / RTH
2026-06-30,2026-06-30T15:42:00-04:00,15:42,154.21,154.24,154.14,154.15,154.185,5061.0,28,TWS historical TRADES / 1 min / RTH
2026-06-30,2026-06-30T15:43:00-04:00,15:43,154.16,154.23,154.16,154.19,154.206,17010.0,86,TWS historical TRADES / 1 min / RTH
2026-06-30,2026-06-30T15:44:00-04:00,15:44,154.23,154.31,154.22,154.25,154.259,8115.0,55,TWS historical TRADES / 1 min / RTH
2026-06-30,2026-06-30T15:45:00-04:00,15:45,154.25,154.36,154.25,154.25,154.314,8525.0,61,TWS historical TRADES / 1 min / RTH
2026-06-30,2026-06-30T15:46:00-04:00,15:46,154.25,154.38,154.24,154.37,154.318,5252.0,44,TWS historical TRADES / 1 min / RTH
2026-06-30,2026-06-30T15:47:00-04:00,15:47,154.38,154.4,154.34,154.38,154.379,5079.0,38,TWS historical TRADES / 1 min / RTH
2026-06-30,2026-06-30T15:48:00-04:00,15:48,154.35,154.35,154.26,154.31,154.324,7200.0,58,TWS historical TRADES / 1 min / RTH
2026-06-30,2026-06-30T15:49:00-04:00,15:49,154.32,154.41,154.27,154.34,154.33,6404.0,40,TWS historical TRADES / 1 min / RTH
2026-06-30,2026-06-30T15:50:00-04:00,15:50,154.37,154.45,154.24,154.26,154.319,18871.0,111,TWS historical TRADES / 1 min / RTH
2026-06-30,2026-06-30T15:51:00-04:00,15:51,154.23,154.35,154.23,154.35,154.314,9135.0,58,TWS historical TRADES / 1 min / RTH
2026-06-30,2026-06-30T15:52:00-04:00,15:52,154.32,154.32,154.14,154.14,154.237,7015.0,40,TWS historical TRADES / 1 min / RTH
2026-06-30,2026-06-30T15:53:00-04:00,15:53,154.14,154.24,154.08,154.19,154.152,12799.0,97,TWS historical TRADES / 1 min / RTH
2026-06-30,2026-06-30T15:54:00-04:00,15:54,154.2,154.31,154.13,154.25,154.192,8300.0,48,TWS historical TRADES / 1 min / RTH
2026-06-30,2026-06-30T15:55:00-04:00,15:55,154.23,154.23,154.08,154.08,154.132,16051.0,96,TWS historical TRADES / 1 min / RTH
2026-06-30,2026-06-30T15:56:00-04:00,15:56,154.04,154.17,154.04,154.13,154.126,19527.0,138,TWS historical TRADES / 1 min / RTH
2026-06-30,2026-06-30T15:57:00-04:00,15:57,154.13,154.2,154.11,154.19,154.148,24128.0,162,TWS historical TRADES / 1 min / RTH
2026-06-30,2026-06-30T15:58:00-04:00,15:58,154.2,154.26,154.15,154.2,154.194,61412.0,340,TWS historical TRADES / 1 min / RTH
2026-06-30,2026-06-30T15:59:00-04:00,15:59,154.21,154.26,154.05,154.18,154.162,81755.0,460,TWS historical TRADES / 1 min / RTH
