timestamp_local,timestamp_utc,open,high,low,close,volume,average,bar_count
2026-07-10T09:30:00+08:00,2026-07-10T01:30:00+00:00,3.4,3.44,3.39,3.39,1250000.0,3.4085,25
2026-07-10T09:31:00+08:00,2026-07-10T01:31:00+00:00,3.39,3.39,3.36,3.37,1264000.0,3.3715,31
2026-07-10T09:32:00+08:00,2026-07-10T01:32:00+00:00,3.36,3.37,3.35,3.35,510000.0,3.361,13
2026-07-10T09:33:00+08:00,2026-07-10T01:33:00+00:00,3.36,3.37,3.35,3.37,1426000.0,3.3605,19
2026-07-10T09:34:00+08:00,2026-07-10T01:34:00+00:00,3.36,3.37,3.36,3.36,476000.0,3.3615,15
2026-07-10T09:35:00+08:00,2026-07-10T01:35:00+00:00,3.36,3.37,3.36,3.37,584000.0,3.3605,10
2026-07-10T09:36:00+08:00,2026-07-10T01:36:00+00:00,3.37,3.37,3.36,3.36,30000.0,3.3695,5
2026-07-10T09:37:00+08:00,2026-07-10T01:37:00+00:00,3.37,3.37,3.36,3.36,128000.0,3.364,6
2026-07-10T09:38:00+08:00,2026-07-10T01:38:00+00:00,3.37,3.4,3.37,3.4,982000.0,3.383,17
2026-07-10T09:39:00+08:00,2026-07-10T01:39:00+00:00,3.4,3.4,3.39,3.39,88000.0,3.3905,6
2026-07-10T09:40:00+08:00,2026-07-10T01:40:00+00:00,3.39,3.39,3.38,3.38,426000.0,3.381,16
2026-07-10T09:41:00+08:00,2026-07-10T01:41:00+00:00,3.38,3.38,3.37,3.37,62000.0,3.3715,6
2026-07-10T09:42:00+08:00,2026-07-10T01:42:00+00:00,3.38,3.38,3.37,3.37,30000.0,3.372,4
2026-07-10T09:43:00+08:00,2026-07-10T01:43:00+00:00,3.38,3.38,3.37,3.38,1998000.0,3.378,21
2026-07-10T09:44:00+08:00,2026-07-10T01:44:00+00:00,3.38,3.39,3.38,3.38,504000.0,3.383,8
2026-07-10T09:45:00+08:00,2026-07-10T01:45:00+00:00,3.38,3.38,3.37,3.38,162000.0,3.377,8
2026-07-10T09:46:00+08:00,2026-07-10T01:46:00+00:00,3.39,3.41,3.39,3.41,676000.0,3.4065,13
2026-07-10T09:47:00+08:00,2026-07-10T01:47:00+00:00,3.41,3.42,3.41,3.42,54000.0,3.413,9
2026-07-10T09:48:00+08:00,2026-07-10T01:48:00+00:00,3.41,3.41,3.41,3.41,108000.0,3.41,5
2026-07-10T09:49:00+08:00,2026-07-10T01:49:00+00:00,3.42,3.42,3.42,3.42,230000.0,3.42,7
2026-07-10T09:50:00+08:00,2026-07-10T01:50:00+00:00,3.42,3.43,3.4,3.41,682000.0,3.4145,14
2026-07-10T09:51:00+08:00,2026-07-10T01:51:00+00:00,3.4,3.41,3.4,3.41,218000.0,3.409,6
2026-07-10T09:52:00+08:00,2026-07-10T01:52:00+00:00,3.41,3.42,3.41,3.41,168000.0,3.414,14
2026-07-10T09:53:00+08:00,2026-07-10T01:53:00+00:00,3.41,3.41,3.4,3.4,10000.0,3.406,4
2026-07-10T09:54:00+08:00,2026-07-10T01:54:00+00:00,3.4,3.42,3.4,3.42,704000.0,3.41,7
2026-07-10T09:55:00+08:00,2026-07-10T01:55:00+00:00,3.42,3.42,3.41,3.41,322000.0,3.4105,6
2026-07-10T09:56:00+08:00,2026-07-10T01:56:00+00:00,3.42,3.43,3.42,3.43,366000.0,3.425,8
2026-07-10T09:57:00+08:00,2026-07-10T01:57:00+00:00,3.44,3.45,3.44,3.44,390000.0,3.4415,26
2026-07-10T09:58:00+08:00,2026-07-10T01:58:00+00:00,3.45,3.45,3.43,3.44,442000.0,3.445,20
2026-07-10T09:59:00+08:00,2026-07-10T01:59:00+00:00,3.44,3.44,3.43,3.44,760000.0,3.4385,14
2026-07-10T10:00:00+08:00,2026-07-10T02:00:00+00:00,3.43,3.44,3.42,3.44,1074000.0,3.4355,21
2026-07-10T10:01:00+08:00,2026-07-10T02:01:00+00:00,3.44,3.46,3.44,3.45,1336000.0,3.4495,27
2026-07-10T10:02:00+08:00,2026-07-10T02:02:00+00:00,3.45,3.46,3.45,3.45,294000.0,3.4505,16
2026-07-10T10:03:00+08:00,2026-07-10T02:03:00+00:00,3.44,3.46,3.44,3.46,296000.0,3.4505,8
2026-07-10T10:04:00+08:00,2026-07-10T02:04:00+00:00,3.45,3.46,3.45,3.45,148000.0,3.452,9
2026-07-10T10:05:00+08:00,2026-07-10T02:05:00+00:00,3.46,3.46,3.45,3.46,114000.0,3.457,10
2026-07-10T10:06:00+08:00,2026-07-10T02:06:00+00:00,3.46,3.46,3.45,3.45,256000.0,3.4515,18
2026-07-10T10:07:00+08:00,2026-07-10T02:07:00+00:00,3.46,3.47,3.46,3.47,744000.0,3.4605,10
2026-07-10T10:08:00+08:00,2026-07-10T02:08:00+00:00,3.46,3.47,3.46,3.46,60000.0,3.461,7
2026-07-10T10:09:00+08:00,2026-07-10T02:09:00+00:00,3.46,3.47,3.46,3.46,400000.0,3.461,19
2026-07-10T10:10:00+08:00,2026-07-10T02:10:00+00:00,3.46,3.46,3.46,3.46,354000.0,3.46,11
2026-07-10T10:11:00+08:00,2026-07-10T02:11:00+00:00,3.46,3.47,3.46,3.46,32000.0,3.4605,5
2026-07-10T10:12:00+08:00,2026-07-10T02:12:00+00:00,3.46,3.49,3.46,3.48,1350000.0,3.4745,21
2026-07-10T10:13:00+08:00,2026-07-10T02:13:00+00:00,3.49,3.5,3.49,3.5,782000.0,3.4915,34
2026-07-10T10:14:00+08:00,2026-07-10T02:14:00+00:00,3.5,3.51,3.49,3.5,1424000.0,3.5,29
2026-07-10T10:15:00+08:00,2026-07-10T02:15:00+00:00,3.5,3.52,3.5,3.52,1766000.0,3.507,33
2026-07-10T10:16:00+08:00,2026-07-10T02:16:00+00:00,3.52,3.53,3.5,3.5,2014000.0,3.516,49
2026-07-10T10:17:00+08:00,2026-07-10T02:17:00+00:00,3.49,3.5,3.49,3.5,210000.0,3.499,14
2026-07-10T10:18:00+08:00,2026-07-10T02:18:00+00:00,3.49,3.5,3.49,3.5,342000.0,3.5,10
2026-07-10T10:19:00+08:00,2026-07-10T02:19:00+00:00,3.49,3.51,3.49,3.5,876000.0,3.5005,30
2026-07-10T10:20:00+08:00,2026-07-10T02:20:00+00:00,3.51,3.52,3.5,3.5,928000.0,3.5105,18
2026-07-10T10:21:00+08:00,2026-07-10T02:21:00+00:00,3.51,3.51,3.5,3.5,942000.0,3.5045,16
2026-07-10T10:22:00+08:00,2026-07-10T02:22:00+00:00,3.5,3.51,3.49,3.49,874000.0,3.498,16
2026-07-10T10:23:00+08:00,2026-07-10T02:23:00+00:00,3.5,3.51,3.5,3.5,498000.0,3.5,15
2026-07-10T10:24:00+08:00,2026-07-10T02:24:00+00:00,3.51,3.51,3.5,3.51,300000.0,3.5045,16
2026-07-10T10:25:00+08:00,2026-07-10T02:25:00+00:00,3.51,3.51,3.5,3.5,74000.0,3.5025,9
2026-07-10T10:26:00+08:00,2026-07-10T02:26:00+00:00,3.5,3.5,3.5,3.5,150000.0,3.5,7
2026-07-10T10:27:00+08:00,2026-07-10T02:27:00+00:00,3.5,3.5,3.5,3.5,1188000.0,3.5,8
2026-07-10T10:28:00+08:00,2026-07-10T02:28:00+00:00,3.5,3.5,3.49,3.49,1034000.0,3.49,15
2026-07-10T10:29:00+08:00,2026-07-10T02:29:00+00:00,3.49,3.49,3.48,3.49,332000.0,3.49,14
2026-07-10T10:30:00+08:00,2026-07-10T02:30:00+00:00,3.5,3.51,3.49,3.5,1156000.0,3.5015,12
2026-07-10T10:31:00+08:00,2026-07-10T02:31:00+00:00,3.51,3.52,3.5,3.51,380000.0,3.5105,10
2026-07-10T10:32:00+08:00,2026-07-10T02:32:00+00:00,3.52,3.54,3.52,3.54,1094000.0,3.525,15
2026-07-10T10:33:00+08:00,2026-07-10T02:33:00+00:00,3.54,3.54,3.53,3.54,248000.0,3.5335,20
2026-07-10T10:34:00+08:00,2026-07-10T02:34:00+00:00,3.54,3.54,3.53,3.53,224000.0,3.536,20
2026-07-10T10:35:00+08:00,2026-07-10T02:35:00+00:00,3.53,3.54,3.53,3.53,190000.0,3.534,20
2026-07-10T10:36:00+08:00,2026-07-10T02:36:00+00:00,3.54,3.55,3.54,3.54,1110000.0,3.5405,24
2026-07-10T10:37:00+08:00,2026-07-10T02:37:00+00:00,3.54,3.55,3.54,3.54,412000.0,3.5405,29
2026-07-10T10:38:00+08:00,2026-07-10T02:38:00+00:00,3.53,3.54,3.52,3.52,384000.0,3.5255,13
2026-07-10T10:39:00+08:00,2026-07-10T02:39:00+00:00,3.52,3.52,3.52,3.52,274000.0,3.52,10
2026-07-10T10:40:00+08:00,2026-07-10T02:40:00+00:00,3.52,3.53,3.52,3.53,822000.0,3.52,8
2026-07-10T10:41:00+08:00,2026-07-10T02:41:00+00:00,3.52,3.53,3.52,3.52,22000.0,3.521,4
2026-07-10T10:42:00+08:00,2026-07-10T02:42:00+00:00,3.52,3.54,3.52,3.54,964000.0,3.5295,14
2026-07-10T10:43:00+08:00,2026-07-10T02:43:00+00:00,3.54,3.54,3.53,3.53,166000.0,3.535,12
2026-07-10T10:44:00+08:00,2026-07-10T02:44:00+00:00,3.53,3.54,3.53,3.54,64000.0,3.5315,4
2026-07-10T10:45:00+08:00,2026-07-10T02:45:00+00:00,3.53,3.54,3.53,3.54,60000.0,3.5355,4
2026-07-10T10:46:00+08:00,2026-07-10T02:46:00+00:00,3.54,3.54,3.53,3.54,408000.0,3.539,15
2026-07-10T10:47:00+08:00,2026-07-10T02:47:00+00:00,3.54,3.55,3.54,3.54,22000.0,3.541,6
2026-07-10T10:48:00+08:00,2026-07-10T02:48:00+00:00,3.54,3.55,3.54,3.55,94000.0,3.5445,8
2026-07-10T10:49:00+08:00,2026-07-10T02:49:00+00:00,3.55,3.56,3.54,3.55,2736000.0,3.55,16
2026-07-10T10:50:00+08:00,2026-07-10T02:50:00+00:00,3.56,3.56,3.55,3.56,230000.0,3.5595,15
2026-07-10T10:51:00+08:00,2026-07-10T02:51:00+00:00,3.56,3.56,3.55,3.55,548000.0,3.5505,12
2026-07-10T10:52:00+08:00,2026-07-10T02:52:00+00:00,3.55,3.55,3.54,3.55,184000.0,3.545,14
2026-07-10T10:53:00+08:00,2026-07-10T02:53:00+00:00,3.55,3.56,3.55,3.55,818000.0,3.5505,15
2026-07-10T10:54:00+08:00,2026-07-10T02:54:00+00:00,3.55,3.55,3.55,3.55,62000.0,3.55,5
2026-07-10T10:55:00+08:00,2026-07-10T02:55:00+00:00,3.55,3.55,3.54,3.55,580000.0,3.5475,15
2026-07-10T10:56:00+08:00,2026-07-10T02:56:00+00:00,3.54,3.55,3.54,3.54,292000.0,3.541,14
2026-07-10T10:57:00+08:00,2026-07-10T02:57:00+00:00,3.54,3.54,3.52,3.52,306000.0,3.53,12
2026-07-10T10:58:00+08:00,2026-07-10T02:58:00+00:00,3.52,3.53,3.52,3.52,330000.0,3.5255,12
2026-07-10T10:59:00+08:00,2026-07-10T02:59:00+00:00,3.52,3.52,3.52,3.52,256000.0,3.52,7
2026-07-10T11:00:00+08:00,2026-07-10T03:00:00+00:00,3.52,3.53,3.52,3.53,2018000.0,3.526,13
2026-07-10T11:01:00+08:00,2026-07-10T03:01:00+00:00,3.53,3.54,3.53,3.53,586000.0,3.5325,16
2026-07-10T11:02:00+08:00,2026-07-10T03:02:00+00:00,3.54,3.54,3.54,3.54,2000.0,3.54,1
2026-07-10T11:03:00+08:00,2026-07-10T03:03:00+00:00,3.53,3.54,3.53,3.53,1614000.0,3.54,9
2026-07-10T11:04:00+08:00,2026-07-10T03:04:00+00:00,3.54,3.54,3.54,3.54,708000.0,3.54,10
2026-07-10T11:05:00+08:00,2026-07-10T03:05:00+00:00,3.54,3.54,3.53,3.54,1026000.0,3.54,9
2026-07-10T11:06:00+08:00,2026-07-10T03:06:00+00:00,3.54,3.55,3.54,3.54,510000.0,3.5495,8
2026-07-10T11:07:00+08:00,2026-07-10T03:07:00+00:00,3.55,3.55,3.54,3.55,254000.0,3.549,8
2026-07-10T11:08:00+08:00,2026-07-10T03:08:00+00:00,3.55,3.55,3.54,3.55,358000.0,3.5495,15
2026-07-10T11:09:00+08:00,2026-07-10T03:09:00+00:00,3.54,3.54,3.54,3.54,26000.0,3.54,2
2026-07-10T11:10:00+08:00,2026-07-10T03:10:00+00:00,3.54,3.54,3.54,3.54,36000.0,3.54,5
2026-07-10T11:11:00+08:00,2026-07-10T03:11:00+00:00,3.55,3.56,3.54,3.56,2936000.0,3.5575,25
2026-07-10T11:12:00+08:00,2026-07-10T03:12:00+00:00,3.56,3.56,3.55,3.56,148000.0,3.5555,13
2026-07-10T11:13:00+08:00,2026-07-10T03:13:00+00:00,3.55,3.56,3.55,3.56,94000.0,3.5565,12
2026-07-10T11:14:00+08:00,2026-07-10T03:14:00+00:00,3.55,3.57,3.55,3.57,340000.0,3.56,10
2026-07-10T11:15:00+08:00,2026-07-10T03:15:00+00:00,3.57,3.57,3.56,3.56,212000.0,3.568,15
2026-07-10T11:16:00+08:00,2026-07-10T03:16:00+00:00,3.56,3.57,3.56,3.56,242000.0,3.56,7
2026-07-10T11:17:00+08:00,2026-07-10T03:17:00+00:00,3.56,3.56,3.56,3.56,30000.0,3.56,4
2026-07-10T11:18:00+08:00,2026-07-10T03:18:00+00:00,3.55,3.57,3.55,3.56,676000.0,3.5595,9
2026-07-10T11:19:00+08:00,2026-07-10T03:19:00+00:00,3.56,3.56,3.55,3.56,114000.0,3.5575,5
2026-07-10T11:20:00+08:00,2026-07-10T03:20:00+00:00,3.56,3.56,3.56,3.56,6000.0,3.56,2
2026-07-10T11:21:00+08:00,2026-07-10T03:21:00+00:00,3.55,3.56,3.55,3.56,810000.0,3.56,9
2026-07-10T11:22:00+08:00,2026-07-10T03:22:00+00:00,3.56,3.56,3.56,3.56,8000.0,3.56,1
2026-07-10T11:23:00+08:00,2026-07-10T03:23:00+00:00,3.55,3.56,3.55,3.56,42000.0,3.557,6
2026-07-10T11:24:00+08:00,2026-07-10T03:24:00+00:00,3.55,3.56,3.55,3.55,20000.0,3.557,4
2026-07-10T11:25:00+08:00,2026-07-10T03:25:00+00:00,3.55,3.56,3.55,3.56,22000.0,3.558,4
2026-07-10T11:26:00+08:00,2026-07-10T03:26:00+00:00,3.56,3.56,3.55,3.55,530000.0,3.55,15
2026-07-10T11:27:00+08:00,2026-07-10T03:27:00+00:00,3.55,3.55,3.55,3.55,30000.0,3.55,3
2026-07-10T11:28:00+08:00,2026-07-10T03:28:00+00:00,3.55,3.55,3.55,3.55,48000.0,3.55,5
2026-07-10T11:29:00+08:00,2026-07-10T03:29:00+00:00,3.55,3.55,3.55,3.55,58000.0,3.55,4
2026-07-10T11:30:00+08:00,2026-07-10T03:30:00+00:00,3.56,3.56,3.55,3.55,20000.0,3.556,4
2026-07-10T11:31:00+08:00,2026-07-10T03:31:00+00:00,3.55,3.56,3.55,3.56,504000.0,3.551,8
2026-07-10T11:32:00+08:00,2026-07-10T03:32:00+00:00,3.54,3.55,3.54,3.55,48000.0,3.5415,5
2026-07-10T11:33:00+08:00,2026-07-10T03:33:00+00:00,3.54,3.54,3.54,3.54,2000.0,3.54,1
2026-07-10T11:34:00+08:00,2026-07-10T03:34:00+00:00,3.54,3.54,3.53,3.53,296000.0,3.5395,5
2026-07-10T11:35:00+08:00,2026-07-10T03:35:00+00:00,3.54,3.54,3.53,3.53,84000.0,3.536,5
2026-07-10T11:36:00+08:00,2026-07-10T03:36:00+00:00,3.53,3.53,3.53,3.53,90000.0,3.53,5
2026-07-10T11:37:00+08:00,2026-07-10T03:37:00+00:00,3.53,3.53,3.53,3.53,32000.0,3.53,4
2026-07-10T11:38:00+08:00,2026-07-10T03:38:00+00:00,3.52,3.54,3.52,3.54,366000.0,3.5295,8
2026-07-10T11:39:00+08:00,2026-07-10T03:39:00+00:00,3.53,3.54,3.53,3.54,104000.0,3.5305,3
2026-07-10T11:40:00+08:00,2026-07-10T03:40:00+00:00,3.54,3.54,3.53,3.53,106000.0,3.53,3
2026-07-10T11:41:00+08:00,2026-07-10T03:41:00+00:00,3.53,3.53,3.52,3.52,468000.0,3.5285,6
2026-07-10T11:42:00+08:00,2026-07-10T03:42:00+00:00,3.53,3.53,3.53,3.53,40000.0,3.53,2
2026-07-10T11:43:00+08:00,2026-07-10T03:43:00+00:00,3.52,3.53,3.52,3.53,126000.0,3.52,3
2026-07-10T11:44:00+08:00,2026-07-10T03:44:00+00:00,3.53,3.53,3.53,3.53,0.0,3.53,0
2026-07-10T11:45:00+08:00,2026-07-10T03:45:00+00:00,3.52,3.53,3.52,3.53,1826000.0,3.52,25
2026-07-10T11:46:00+08:00,2026-07-10T03:46:00+00:00,3.53,3.53,3.51,3.51,70000.0,3.5155,4
2026-07-10T11:47:00+08:00,2026-07-10T03:47:00+00:00,3.51,3.52,3.51,3.52,90000.0,3.5195,2
2026-07-10T11:48:00+08:00,2026-07-10T03:48:00+00:00,3.52,3.52,3.51,3.52,440000.0,3.5195,7
2026-07-10T11:49:00+08:00,2026-07-10T03:49:00+00:00,3.52,3.52,3.52,3.52,76000.0,3.52,4
2026-07-10T11:50:00+08:00,2026-07-10T03:50:00+00:00,3.52,3.52,3.51,3.51,72000.0,3.5125,6
2026-07-10T11:51:00+08:00,2026-07-10T03:51:00+00:00,3.52,3.52,3.51,3.51,34000.0,3.511,3
2026-07-10T11:52:00+08:00,2026-07-10T03:52:00+00:00,3.51,3.53,3.51,3.52,622000.0,3.528,8
2026-07-10T11:53:00+08:00,2026-07-10T03:53:00+00:00,3.53,3.54,3.53,3.53,608000.0,3.53,13
2026-07-10T11:54:00+08:00,2026-07-10T03:54:00+00:00,3.53,3.53,3.53,3.53,46000.0,3.53,3
2026-07-10T11:55:00+08:00,2026-07-10T03:55:00+00:00,3.53,3.53,3.53,3.53,82000.0,3.53,7
2026-07-10T11:56:00+08:00,2026-07-10T03:56:00+00:00,3.53,3.53,3.53,3.53,26000.0,3.53,3
2026-07-10T11:57:00+08:00,2026-07-10T03:57:00+00:00,3.53,3.53,3.53,3.53,138000.0,3.53,3
2026-07-10T11:58:00+08:00,2026-07-10T03:58:00+00:00,3.54,3.54,3.54,3.54,70000.0,3.54,8
2026-07-10T11:59:00+08:00,2026-07-10T03:59:00+00:00,3.53,3.54,3.53,3.53,312000.0,3.5345,14
2026-07-10T13:00:00+08:00,2026-07-10T05:00:00+00:00,3.53,3.53,3.51,3.51,1672000.0,3.5165,25
2026-07-10T13:01:00+08:00,2026-07-10T05:01:00+00:00,3.52,3.52,3.51,3.51,364000.0,3.5105,8
2026-07-10T13:02:00+08:00,2026-07-10T05:02:00+00:00,3.51,3.51,3.5,3.5,656000.0,3.5005,7
2026-07-10T13:03:00+08:00,2026-07-10T05:03:00+00:00,3.5,3.5,3.49,3.49,328000.0,3.491,9
2026-07-10T13:04:00+08:00,2026-07-10T05:04:00+00:00,3.49,3.49,3.48,3.48,54000.0,3.482,3
2026-07-10T13:05:00+08:00,2026-07-10T05:05:00+00:00,3.49,3.49,3.49,3.49,428000.0,3.49,8
2026-07-10T13:06:00+08:00,2026-07-10T05:06:00+00:00,3.5,3.5,3.49,3.49,1210000.0,3.493,10
2026-07-10T13:07:00+08:00,2026-07-10T05:07:00+00:00,3.49,3.49,3.48,3.49,192000.0,3.485,7
2026-07-10T13:08:00+08:00,2026-07-10T05:08:00+00:00,3.49,3.5,3.49,3.5,154000.0,3.4925,11
2026-07-10T13:09:00+08:00,2026-07-10T05:09:00+00:00,3.49,3.5,3.49,3.5,8000.0,3.495,3
2026-07-10T13:10:00+08:00,2026-07-10T05:10:00+00:00,3.5,3.5,3.5,3.5,350000.0,3.5,5
2026-07-10T13:11:00+08:00,2026-07-10T05:11:00+00:00,3.5,3.5,3.49,3.5,304000.0,3.491,6
2026-07-10T13:12:00+08:00,2026-07-10T05:12:00+00:00,3.49,3.49,3.49,3.49,32000.0,3.49,2
2026-07-10T13:13:00+08:00,2026-07-10T05:13:00+00:00,3.48,3.49,3.48,3.49,178000.0,3.4895,5
2026-07-10T13:14:00+08:00,2026-07-10T05:14:00+00:00,3.48,3.48,3.48,3.48,1302000.0,3.48,9
2026-07-10T13:15:00+08:00,2026-07-10T05:15:00+00:00,3.48,3.49,3.48,3.49,40000.0,3.483,4
2026-07-10T13:16:00+08:00,2026-07-10T05:16:00+00:00,3.48,3.48,3.48,3.48,500000.0,3.48,6
2026-07-10T13:17:00+08:00,2026-07-10T05:17:00+00:00,3.48,3.48,3.47,3.47,48000.0,3.472,4
2026-07-10T13:18:00+08:00,2026-07-10T05:18:00+00:00,3.47,3.48,3.47,3.47,650000.0,3.4765,11
2026-07-10T13:19:00+08:00,2026-07-10T05:19:00+00:00,3.48,3.48,3.48,3.48,52000.0,3.48,3
2026-07-10T13:20:00+08:00,2026-07-10T05:20:00+00:00,3.48,3.48,3.48,3.48,86000.0,3.48,4
2026-07-10T13:21:00+08:00,2026-07-10T05:21:00+00:00,3.48,3.48,3.48,3.48,144000.0,3.48,4
2026-07-10T13:22:00+08:00,2026-07-10T05:22:00+00:00,3.48,3.48,3.47,3.47,42000.0,3.4715,5
2026-07-10T13:23:00+08:00,2026-07-10T05:23:00+00:00,3.48,3.48,3.46,3.46,760000.0,3.469,14
2026-07-10T13:24:00+08:00,2026-07-10T05:24:00+00:00,3.46,3.46,3.46,3.46,754000.0,3.46,21
2026-07-10T13:25:00+08:00,2026-07-10T05:25:00+00:00,3.46,3.46,3.46,3.46,228000.0,3.46,7
2026-07-10T13:26:00+08:00,2026-07-10T05:26:00+00:00,3.46,3.47,3.46,3.46,100000.0,3.4605,5
2026-07-10T13:27:00+08:00,2026-07-10T05:27:00+00:00,3.46,3.47,3.46,3.47,68000.0,3.4695,3
2026-07-10T13:28:00+08:00,2026-07-10T05:28:00+00:00,3.47,3.47,3.46,3.46,78000.0,3.465,7
2026-07-10T13:29:00+08:00,2026-07-10T05:29:00+00:00,3.47,3.47,3.47,3.47,62000.0,3.47,4
2026-07-10T13:30:00+08:00,2026-07-10T05:30:00+00:00,3.47,3.47,3.46,3.46,150000.0,3.461,4
2026-07-10T13:31:00+08:00,2026-07-10T05:31:00+00:00,3.46,3.47,3.45,3.46,1110000.0,3.46,18
2026-07-10T13:32:00+08:00,2026-07-10T05:32:00+00:00,3.46,3.46,3.45,3.46,976000.0,3.46,10
2026-07-10T13:33:00+08:00,2026-07-10T05:33:00+00:00,3.46,3.47,3.46,3.47,146000.0,3.4695,5
2026-07-10T13:34:00+08:00,2026-07-10T05:34:00+00:00,3.47,3.47,3.47,3.47,0.0,3.47,0
2026-07-10T13:35:00+08:00,2026-07-10T05:35:00+00:00,3.47,3.47,3.47,3.47,26000.0,3.47,3
2026-07-10T13:36:00+08:00,2026-07-10T05:36:00+00:00,3.47,3.47,3.47,3.47,0.0,3.47,0
2026-07-10T13:37:00+08:00,2026-07-10T05:37:00+00:00,3.47,3.47,3.46,3.46,90000.0,3.4615,7
2026-07-10T13:38:00+08:00,2026-07-10T05:38:00+00:00,3.46,3.46,3.46,3.46,64000.0,3.46,1
2026-07-10T13:39:00+08:00,2026-07-10T05:39:00+00:00,3.46,3.46,3.46,3.46,130000.0,3.46,2
2026-07-10T13:40:00+08:00,2026-07-10T05:40:00+00:00,3.46,3.46,3.46,3.46,0.0,3.46,0
2026-07-10T13:41:00+08:00,2026-07-10T05:41:00+00:00,3.47,3.47,3.46,3.47,26000.0,3.466,4
2026-07-10T13:42:00+08:00,2026-07-10T05:42:00+00:00,3.47,3.47,3.47,3.47,0.0,3.47,0
2026-07-10T13:43:00+08:00,2026-07-10T05:43:00+00:00,3.47,3.47,3.47,3.47,244000.0,3.47,2
2026-07-10T13:44:00+08:00,2026-07-10T05:44:00+00:00,3.46,3.46,3.46,3.46,18000.0,3.46,3
2026-07-10T13:45:00+08:00,2026-07-10T05:45:00+00:00,3.47,3.47,3.47,3.47,54000.0,3.47,1
2026-07-10T13:46:00+08:00,2026-07-10T05:46:00+00:00,3.47,3.47,3.46,3.46,30000.0,3.4675,3
2026-07-10T13:47:00+08:00,2026-07-10T05:47:00+00:00,3.46,3.46,3.45,3.46,1492000.0,3.46,12
2026-07-10T13:48:00+08:00,2026-07-10T05:48:00+00:00,3.45,3.46,3.45,3.46,124000.0,3.456,6
2026-07-10T13:49:00+08:00,2026-07-10T05:49:00+00:00,3.46,3.47,3.46,3.46,422000.0,3.46,5
2026-07-10T13:50:00+08:00,2026-07-10T05:50:00+00:00,3.46,3.47,3.46,3.47,150000.0,3.4615,5
2026-07-10T13:51:00+08:00,2026-07-10T05:51:00+00:00,3.47,3.47,3.46,3.46,664000.0,3.47,8
2026-07-10T13:52:00+08:00,2026-07-10T05:52:00+00:00,3.46,3.46,3.46,3.46,0.0,3.46,0
2026-07-10T13:53:00+08:00,2026-07-10T05:53:00+00:00,3.46,3.47,3.46,3.47,6000.0,3.4635,2
2026-07-10T13:54:00+08:00,2026-07-10T05:54:00+00:00,3.47,3.48,3.47,3.47,1378000.0,3.4705,4
2026-07-10T13:55:00+08:00,2026-07-10T05:55:00+00:00,3.48,3.49,3.48,3.48,4656000.0,3.485,11
2026-07-10T13:56:00+08:00,2026-07-10T05:56:00+00:00,3.49,3.49,3.48,3.49,206000.0,3.49,6
2026-07-10T13:57:00+08:00,2026-07-10T05:57:00+00:00,3.49,3.49,3.48,3.49,120000.0,3.4885,3
2026-07-10T13:58:00+08:00,2026-07-10T05:58:00+00:00,3.49,3.49,3.49,3.49,6000.0,3.49,3
2026-07-10T13:59:00+08:00,2026-07-10T05:59:00+00:00,3.48,3.49,3.48,3.48,14000.0,3.4815,3
2026-07-10T14:00:00+08:00,2026-07-10T06:00:00+00:00,3.48,3.48,3.48,3.48,20000.0,3.48,1
2026-07-10T14:01:00+08:00,2026-07-10T06:01:00+00:00,3.48,3.49,3.48,3.49,356000.0,3.4805,6
2026-07-10T14:02:00+08:00,2026-07-10T06:02:00+00:00,3.48,3.48,3.48,3.48,54000.0,3.48,2
2026-07-10T14:03:00+08:00,2026-07-10T06:03:00+00:00,3.48,3.48,3.48,3.48,198000.0,3.48,3
2026-07-10T14:04:00+08:00,2026-07-10T06:04:00+00:00,3.48,3.48,3.48,3.48,10000.0,3.48,3
2026-07-10T14:05:00+08:00,2026-07-10T06:05:00+00:00,3.47,3.47,3.47,3.47,14000.0,3.47,2
2026-07-10T14:06:00+08:00,2026-07-10T06:06:00+00:00,3.47,3.47,3.47,3.47,4000.0,3.47,1
2026-07-10T14:07:00+08:00,2026-07-10T06:07:00+00:00,3.47,3.48,3.47,3.48,132000.0,3.4785,9
2026-07-10T14:08:00+08:00,2026-07-10T06:08:00+00:00,3.47,3.48,3.47,3.48,16000.0,3.474,4
2026-07-10T14:09:00+08:00,2026-07-10T06:09:00+00:00,3.48,3.48,3.48,3.48,0.0,3.48,0
2026-07-10T14:10:00+08:00,2026-07-10T06:10:00+00:00,3.48,3.5,3.48,3.49,1844000.0,3.4865,32
2026-07-10T14:11:00+08:00,2026-07-10T06:11:00+00:00,3.49,3.49,3.48,3.48,224000.0,3.48,5
2026-07-10T14:12:00+08:00,2026-07-10T06:12:00+00:00,3.48,3.48,3.48,3.48,170000.0,3.48,2
2026-07-10T14:13:00+08:00,2026-07-10T06:13:00+00:00,3.48,3.48,3.47,3.47,366000.0,3.4795,5
2026-07-10T14:14:00+08:00,2026-07-10T06:14:00+00:00,3.48,3.48,3.47,3.48,32000.0,3.478,6
2026-07-10T14:15:00+08:00,2026-07-10T06:15:00+00:00,3.48,3.48,3.47,3.47,22000.0,3.471,3
2026-07-10T14:16:00+08:00,2026-07-10T06:16:00+00:00,3.48,3.48,3.48,3.48,14000.0,3.48,4
2026-07-10T14:17:00+08:00,2026-07-10T06:17:00+00:00,3.48,3.48,3.48,3.48,4000.0,3.48,1
2026-07-10T14:18:00+08:00,2026-07-10T06:18:00+00:00,3.48,3.48,3.48,3.48,16000.0,3.48,3
2026-07-10T14:19:00+08:00,2026-07-10T06:19:00+00:00,3.48,3.48,3.47,3.48,58000.0,3.4785,8
2026-07-10T14:20:00+08:00,2026-07-10T06:20:00+00:00,3.48,3.48,3.47,3.47,182000.0,3.472,5
2026-07-10T14:21:00+08:00,2026-07-10T06:21:00+00:00,3.48,3.48,3.47,3.47,154000.0,3.47,4
2026-07-10T14:22:00+08:00,2026-07-10T06:22:00+00:00,3.48,3.48,3.48,3.48,2000.0,3.48,1
2026-07-10T14:23:00+08:00,2026-07-10T06:23:00+00:00,3.48,3.48,3.48,3.48,4000.0,3.48,1
2026-07-10T14:24:00+08:00,2026-07-10T06:24:00+00:00,3.48,3.48,3.47,3.48,32000.0,3.4725,5
2026-07-10T14:25:00+08:00,2026-07-10T06:25:00+00:00,3.48,3.48,3.47,3.48,22000.0,3.4775,6
2026-07-10T14:26:00+08:00,2026-07-10T06:26:00+00:00,3.48,3.48,3.48,3.48,8000.0,3.48,3
2026-07-10T14:27:00+08:00,2026-07-10T06:27:00+00:00,3.47,3.48,3.47,3.48,12000.0,3.4735,3
2026-07-10T14:28:00+08:00,2026-07-10T06:28:00+00:00,3.47,3.48,3.47,3.48,46000.0,3.4715,8
2026-07-10T14:29:00+08:00,2026-07-10T06:29:00+00:00,3.48,3.48,3.48,3.48,8000.0,3.48,3
2026-07-10T14:30:00+08:00,2026-07-10T06:30:00+00:00,3.48,3.48,3.47,3.47,14000.0,3.4785,3
2026-07-10T14:31:00+08:00,2026-07-10T06:31:00+00:00,3.47,3.48,3.47,3.48,6000.0,3.4735,2
2026-07-10T14:32:00+08:00,2026-07-10T06:32:00+00:00,3.48,3.48,3.48,3.48,4000.0,3.48,1
2026-07-10T14:33:00+08:00,2026-07-10T06:33:00+00:00,3.48,3.48,3.48,3.48,0.0,3.48,0
2026-07-10T14:34:00+08:00,2026-07-10T06:34:00+00:00,3.48,3.48,3.47,3.47,4000.0,3.475,2
2026-07-10T14:35:00+08:00,2026-07-10T06:35:00+00:00,3.48,3.49,3.48,3.49,998000.0,3.481,9
2026-07-10T14:36:00+08:00,2026-07-10T06:36:00+00:00,3.49,3.49,3.48,3.49,14000.0,3.4885,6
2026-07-10T14:37:00+08:00,2026-07-10T06:37:00+00:00,3.49,3.49,3.48,3.48,12000.0,3.485,4
2026-07-10T14:38:00+08:00,2026-07-10T06:38:00+00:00,3.48,3.49,3.48,3.48,74000.0,3.4825,10
2026-07-10T14:39:00+08:00,2026-07-10T06:39:00+00:00,3.48,3.49,3.48,3.49,370000.0,3.4805,9
2026-07-10T14:40:00+08:00,2026-07-10T06:40:00+00:00,3.48,3.48,3.47,3.48,414000.0,3.48,11
2026-07-10T14:41:00+08:00,2026-07-10T06:41:00+00:00,3.47,3.47,3.47,3.47,20000.0,3.47,2
2026-07-10T14:42:00+08:00,2026-07-10T06:42:00+00:00,3.47,3.49,3.47,3.48,974000.0,3.481,14
2026-07-10T14:43:00+08:00,2026-07-10T06:43:00+00:00,3.49,3.49,3.49,3.49,98000.0,3.49,5
2026-07-10T14:44:00+08:00,2026-07-10T06:44:00+00:00,3.49,3.49,3.49,3.49,66000.0,3.49,2
2026-07-10T14:45:00+08:00,2026-07-10T06:45:00+00:00,3.48,3.48,3.48,3.48,10000.0,3.48,2
2026-07-10T14:46:00+08:00,2026-07-10T06:46:00+00:00,3.49,3.5,3.49,3.5,1126000.0,3.491,14
2026-07-10T14:47:00+08:00,2026-07-10T06:47:00+00:00,3.5,3.5,3.49,3.49,316000.0,3.49,6
2026-07-10T14:48:00+08:00,2026-07-10T06:48:00+00:00,3.49,3.49,3.48,3.48,14000.0,3.4845,3
2026-07-10T14:49:00+08:00,2026-07-10T06:49:00+00:00,3.49,3.49,3.47,3.47,918000.0,3.48,9
2026-07-10T14:50:00+08:00,2026-07-10T06:50:00+00:00,3.47,3.47,3.47,3.47,6000.0,3.47,2
2026-07-10T14:51:00+08:00,2026-07-10T06:51:00+00:00,3.48,3.48,3.47,3.47,6000.0,3.4735,2
2026-07-10T14:52:00+08:00,2026-07-10T06:52:00+00:00,3.48,3.48,3.47,3.48,20000.0,3.478,5
2026-07-10T14:53:00+08:00,2026-07-10T06:53:00+00:00,3.48,3.48,3.47,3.47,104000.0,3.4725,11
2026-07-10T14:54:00+08:00,2026-07-10T06:54:00+00:00,3.47,3.47,3.47,3.47,46000.0,3.47,7
2026-07-10T14:55:00+08:00,2026-07-10T06:55:00+00:00,3.48,3.48,3.47,3.48,110000.0,3.4775,6
2026-07-10T14:56:00+08:00,2026-07-10T06:56:00+00:00,3.48,3.48,3.47,3.48,440000.0,3.48,13
2026-07-10T14:57:00+08:00,2026-07-10T06:57:00+00:00,3.48,3.49,3.48,3.48,796000.0,3.4835,15
2026-07-10T14:58:00+08:00,2026-07-10T06:58:00+00:00,3.48,3.51,3.48,3.5,2512000.0,3.498,34
2026-07-10T14:59:00+08:00,2026-07-10T06:59:00+00:00,3.5,3.5,3.49,3.49,26000.0,3.4985,4
2026-07-10T15:00:00+08:00,2026-07-10T07:00:00+00:00,3.5,3.5,3.49,3.49,304000.0,3.49,5
2026-07-10T15:01:00+08:00,2026-07-10T07:01:00+00:00,3.49,3.49,3.48,3.48,106000.0,3.481,7
2026-07-10T15:02:00+08:00,2026-07-10T07:02:00+00:00,3.47,3.48,3.47,3.48,28000.0,3.477,3
2026-07-10T15:03:00+08:00,2026-07-10T07:03:00+00:00,3.48,3.48,3.47,3.47,48000.0,3.478,5
2026-07-10T15:04:00+08:00,2026-07-10T07:04:00+00:00,3.47,3.49,3.47,3.49,630000.0,3.4825,18
2026-07-10T15:05:00+08:00,2026-07-10T07:05:00+00:00,3.49,3.49,3.48,3.49,200000.0,3.4875,15
2026-07-10T15:06:00+08:00,2026-07-10T07:06:00+00:00,3.49,3.49,3.48,3.49,180000.0,3.4855,14
2026-07-10T15:07:00+08:00,2026-07-10T07:07:00+00:00,3.49,3.49,3.48,3.48,24000.0,3.4815,7
2026-07-10T15:08:00+08:00,2026-07-10T07:08:00+00:00,3.48,3.49,3.47,3.48,144000.0,3.4805,14
2026-07-10T15:09:00+08:00,2026-07-10T07:09:00+00:00,3.47,3.48,3.47,3.48,144000.0,3.4765,8
2026-07-10T15:10:00+08:00,2026-07-10T07:10:00+00:00,3.47,3.48,3.47,3.47,62000.0,3.474,10
2026-07-10T15:11:00+08:00,2026-07-10T07:11:00+00:00,3.47,3.48,3.47,3.48,210000.0,3.477,20
2026-07-10T15:12:00+08:00,2026-07-10T07:12:00+00:00,3.47,3.48,3.47,3.48,164000.0,3.4775,14
2026-07-10T15:13:00+08:00,2026-07-10T07:13:00+00:00,3.48,3.48,3.47,3.48,170000.0,3.478,14
2026-07-10T15:14:00+08:00,2026-07-10T07:14:00+00:00,3.47,3.48,3.47,3.47,470000.0,3.4725,15
2026-07-10T15:15:00+08:00,2026-07-10T07:15:00+00:00,3.48,3.48,3.46,3.47,1342000.0,3.4705,26
2026-07-10T15:16:00+08:00,2026-07-10T07:16:00+00:00,3.46,3.47,3.46,3.46,102000.0,3.4695,9
2026-07-10T15:17:00+08:00,2026-07-10T07:17:00+00:00,3.46,3.47,3.46,3.47,148000.0,3.4665,12
2026-07-10T15:18:00+08:00,2026-07-10T07:18:00+00:00,3.47,3.47,3.46,3.47,266000.0,3.4655,17
2026-07-10T15:19:00+08:00,2026-07-10T07:19:00+00:00,3.46,3.47,3.46,3.47,412000.0,3.463,13
2026-07-10T15:20:00+08:00,2026-07-10T07:20:00+00:00,3.46,3.47,3.46,3.47,136000.0,3.4695,11
2026-07-10T15:21:00+08:00,2026-07-10T07:21:00+00:00,3.47,3.47,3.46,3.47,152000.0,3.469,11
2026-07-10T15:22:00+08:00,2026-07-10T07:22:00+00:00,3.47,3.47,3.46,3.47,120000.0,3.4685,10
2026-07-10T15:23:00+08:00,2026-07-10T07:23:00+00:00,3.47,3.47,3.46,3.46,160000.0,3.468,15
2026-07-10T15:24:00+08:00,2026-07-10T07:24:00+00:00,3.47,3.47,3.46,3.46,166000.0,3.4675,18
2026-07-10T15:25:00+08:00,2026-07-10T07:25:00+00:00,3.47,3.47,3.46,3.46,152000.0,3.468,15
2026-07-10T15:26:00+08:00,2026-07-10T07:26:00+00:00,3.46,3.47,3.46,3.46,266000.0,3.466,22
2026-07-10T15:27:00+08:00,2026-07-10T07:27:00+00:00,3.47,3.47,3.46,3.47,734000.0,3.4605,14
2026-07-10T15:28:00+08:00,2026-07-10T07:28:00+00:00,3.46,3.47,3.46,3.47,158000.0,3.468,13
2026-07-10T15:29:00+08:00,2026-07-10T07:29:00+00:00,3.46,3.47,3.46,3.47,246000.0,3.4655,13
2026-07-10T15:30:00+08:00,2026-07-10T07:30:00+00:00,3.46,3.47,3.46,3.46,1248000.0,3.4605,29
2026-07-10T15:31:00+08:00,2026-07-10T07:31:00+00:00,3.47,3.47,3.45,3.46,412000.0,3.4615,23
2026-07-10T15:32:00+08:00,2026-07-10T07:32:00+00:00,3.45,3.47,3.45,3.46,522000.0,3.46,29
2026-07-10T15:33:00+08:00,2026-07-10T07:33:00+00:00,3.46,3.47,3.46,3.46,282000.0,3.461,26
2026-07-10T15:34:00+08:00,2026-07-10T07:34:00+00:00,3.47,3.47,3.46,3.47,186000.0,3.467,21
2026-07-10T15:35:00+08:00,2026-07-10T07:35:00+00:00,3.47,3.47,3.46,3.46,210000.0,3.467,18
2026-07-10T15:36:00+08:00,2026-07-10T07:36:00+00:00,3.47,3.47,3.46,3.47,296000.0,3.4685,19
2026-07-10T15:37:00+08:00,2026-07-10T07:37:00+00:00,3.46,3.47,3.46,3.46,214000.0,3.4655,23
2026-07-10T15:38:00+08:00,2026-07-10T07:38:00+00:00,3.47,3.47,3.46,3.47,220000.0,3.4665,24
2026-07-10T15:39:00+08:00,2026-07-10T07:39:00+00:00,3.47,3.47,3.46,3.46,170000.0,3.4665,19
2026-07-10T15:40:00+08:00,2026-07-10T07:40:00+00:00,3.47,3.47,3.46,3.47,254000.0,3.468,23
2026-07-10T15:41:00+08:00,2026-07-10T07:41:00+00:00,3.47,3.47,3.46,3.46,206000.0,3.467,24
2026-07-10T15:42:00+08:00,2026-07-10T07:42:00+00:00,3.46,3.47,3.46,3.46,314000.0,3.465,25
2026-07-10T15:43:00+08:00,2026-07-10T07:43:00+00:00,3.46,3.47,3.46,3.47,210000.0,3.4655,27
2026-07-10T15:44:00+08:00,2026-07-10T07:44:00+00:00,3.47,3.47,3.46,3.47,282000.0,3.4655,31
2026-07-10T15:45:00+08:00,2026-07-10T07:45:00+00:00,3.46,3.47,3.45,3.47,836000.0,3.4605,43
2026-07-10T15:46:00+08:00,2026-07-10T07:46:00+00:00,3.46,3.47,3.46,3.47,396000.0,3.464,34
2026-07-10T15:47:00+08:00,2026-07-10T07:47:00+00:00,3.47,3.47,3.46,3.46,378000.0,3.4625,52
2026-07-10T15:48:00+08:00,2026-07-10T07:48:00+00:00,3.47,3.47,3.46,3.47,346000.0,3.463,43
2026-07-10T15:49:00+08:00,2026-07-10T07:49:00+00:00,3.46,3.47,3.46,3.46,224000.0,3.4625,37
2026-07-10T15:50:00+08:00,2026-07-10T07:50:00+00:00,3.46,3.46,3.45,3.45,344000.0,3.455,40
2026-07-10T15:51:00+08:00,2026-07-10T07:51:00+00:00,3.46,3.46,3.45,3.46,560000.0,3.4555,71
2026-07-10T15:52:00+08:00,2026-07-10T07:52:00+00:00,3.45,3.46,3.45,3.46,420000.0,3.455,51
2026-07-10T15:53:00+08:00,2026-07-10T07:53:00+00:00,3.45,3.46,3.45,3.46,424000.0,3.455,51
2026-07-10T15:54:00+08:00,2026-07-10T07:54:00+00:00,3.45,3.46,3.45,3.46,396000.0,3.454,50
2026-07-10T15:55:00+08:00,2026-07-10T07:55:00+00:00,3.46,3.47,3.45,3.47,1536000.0,3.461,47
2026-07-10T15:56:00+08:00,2026-07-10T07:56:00+00:00,3.46,3.47,3.46,3.46,468000.0,3.4645,46
2026-07-10T15:57:00+08:00,2026-07-10T07:57:00+00:00,3.46,3.47,3.46,3.47,304000.0,3.463,46
2026-07-10T15:58:00+08:00,2026-07-10T07:58:00+00:00,3.47,3.47,3.46,3.46,336000.0,3.462,46
2026-07-10T15:59:00+08:00,2026-07-10T07:59:00+00:00,3.47,3.47,3.46,3.47,270000.0,3.4655,28
2026-07-10T16:00:00+08:00,2026-07-10T08:00:00+00:00,3.47,3.47,3.47,3.47,0.0,3.47,0
2026-07-10T16:01:00+08:00,2026-07-10T08:01:00+00:00,3.47,3.47,3.47,3.47,0.0,3.47,0
2026-07-10T16:02:00+08:00,2026-07-10T08:02:00+00:00,3.47,3.47,3.47,3.47,0.0,3.47,0
2026-07-10T16:03:00+08:00,2026-07-10T08:03:00+00:00,3.47,3.47,3.47,3.47,0.0,3.47,0
2026-07-10T16:04:00+08:00,2026-07-10T08:04:00+00:00,3.47,3.47,3.47,3.47,0.0,3.47,0
